Transaction ID,Transaction Date,Payment Amount,Store Type,Location
1,2023-12-30,1875.83,Coffee Shop,"Los Angeles, CA"
2,2023-08-01,4753.82,Online Shopping,"Chicago, IL"
3,2023-08-04,3661.31,Clothing,"Philadelphia, PA"
4,2023-08-14,2995.3,Online Shopping,"Jacksonville, FL"
5,2023-05-11,784.31,Gas Station,"Fort Worth, TX"
6,2023-03-17,784.19,Grocery,"San Jose, CA"
7,2023-10-13,295.13,Bookstore,"Chicago, IL"
8,2023-10-04,4331.55,Gas Station,"Philadelphia, PA"
9,2023-06-05,3007.57,Pharmacy,"Philadelphia, PA"
10,2023-09-05,3541.82,Pharmacy,"Los Angeles, CA"
11,2023-08-06,107.82,Online Shopping,"San Antonio, TX"
12,2023-07-09,4849.7,Department Store,"Jacksonville, FL"
13,2023-06-12,4163.05,Electronics,"Los Angeles, CA"
14,2023-06-29,1065.63,Department Store,"Philadelphia, PA"
15,2023-02-03,913.22,Coffee Shop,"New York, NY"
16,2023-02-10,921.11,Home Improvement,"Chicago, IL"
17,2023-11-03,1524.69,Furniture,"Los Angeles, CA"
18,2023-12-04,2626.16,Department Store,"San Antonio, TX"
19,2023-11-10,2162.57,Fast Food,"Columbus, OH"
20,2023-03-16,1459.69,Furniture,"Houston, TX"
21,2023-10-06,3061.21,Furniture,"San Diego, CA"
22,2023-06-25,701.77,Bookstore,"Philadelphia, PA"
23,2023-05-30,1464.26,Grocery,"Jacksonville, FL"
24,2023-09-30,1834.98,Bookstore,"San Jose, CA"
25,2023-11-21,2283.07,Furniture,"Houston, TX"
26,2023-04-18,3926.95,Gas Station,"Phoenix, AZ"
27,2023-05-19,1002.37,Pharmacy,"Fort Worth, TX"
28,2023-12-16,2573.6,Furniture,"Fort Worth, TX"
29,2023-09-28,2964.11,Bookstore,"Charlotte, NC"
30,2023-12-13,237.02,Gas Station,"Charlotte, NC"
31,2023-10-16,3039.69,Bookstore,"Dallas, TX"
32,2023-07-31,856.77,Department Store,"San Antonio, TX"
33,2023-09-29,329.93,Clothing,"San Jose, CA"
34,2023-03-07,4744.68,Online Shopping,"Columbus, OH"
35,2023-09-05,4828.33,Electronics,"Columbus, OH"
36,2023-06-05,4042.94,Home Improvement,"Dallas, TX"
37,2023-02-16,1526.55,Bookstore,"San Antonio, TX"
38,2023-07-20,492.87,Fast Food,"Jacksonville, FL"
39,2023-05-28,3422.74,Electronics,"New York, NY"
40,2023-05-04,2203.56,Restaurant,"Jacksonville, FL"
41,2023-01-01,614.58,Bookstore,"San Diego, CA"
42,2023-09-04,2478.41,Clothing,"Houston, TX"
43,2023-12-09,176.77,Electronics,"Chicago, IL"
44,2023-05-08,4547.06,Home Improvement,"Columbus, OH"
45,2023-07-10,1297.61,Furniture,"Fort Worth, TX"
46,2023-03-08,3314.3,Bookstore,"San Antonio, TX"
47,2023-01-04,1562.0,Grocery,"Jacksonville, FL"
48,2023-10-30,2602.74,Online Shopping,"Chicago, IL"
49,2023-10-21,2735.82,Clothing,"San Diego, CA"
50,2023-05-23,928.35,Coffee Shop,"Philadelphia, PA"
51,2023-07-10,4848.08,Coffee Shop,"Phoenix, AZ"
52,2023-01-21,3876.79,Fast Food,"Houston, TX"
53,2023-08-15,4697.8,Electronics,"San Diego, CA"
54,2023-11-09,4474.66,Clothing,"San Diego, CA"
55,2023-04-27,2991.51,Gas Station,"Jacksonville, FL"
56,2023-10-29,4609.76,Home Improvement,"New York, NY"
57,2023-05-22,447.02,Online Shopping,"Dallas, TX"
58,2023-02-08,983.93,Furniture,"Columbus, OH"
59,2023-12-21,230.91,Bookstore,"Phoenix, AZ"
60,2023-09-09,1630.03,Bookstore,"Houston, TX"
61,2023-11-29,1946.44,Coffee Shop,"Philadelphia, PA"
62,2023-07-26,1360.39,Bookstore,"Philadelphia, PA"
63,2023-07-29,4144.54,Online Shopping,"Los Angeles, CA"
64,2023-04-25,1786.98,Grocery,"San Diego, CA"
65,2023-08-13,1408.27,Restaurant,"San Antonio, TX"
66,2023-05-14,2715.77,Fast Food,"New York, NY"
67,2023-09-08,708.92,Pharmacy,"Phoenix, AZ"
68,2023-08-07,4011.97,Department Store,"Jacksonville, FL"
69,2023-04-01,377.38,Fast Food,"Philadelphia, PA"
70,2023-12-20,4934.5,Electronics,"Houston, TX"
71,2023-02-15,3862.36,Grocery,"Los Angeles, CA"
72,2023-02-07,997.58,Fast Food,"Fort Worth, TX"
73,2023-05-22,32.58,Furniture,"Columbus, OH"
74,2023-04-10,4078.23,Coffee Shop,"Houston, TX"
75,2023-11-24,3535.75,Electronics,"New York, NY"
76,2023-07-09,3646.39,Bookstore,"San Antonio, TX"
77,2023-02-04,3857.5,Clothing,"Los Angeles, CA"
78,2023-05-27,374.85,Furniture,"Fort Worth, TX"
79,2023-01-30,1795.54,Electronics,"Los Angeles, CA"
80,2023-11-30,583.77,Home Improvement,"Dallas, TX"
81,2023-03-25,4316.2,Bookstore,"Phoenix, AZ"
82,2023-10-08,3118.37,Fast Food,"Los Angeles, CA"
83,2023-12-10,1657.84,Fast Food,"Austin, TX"
84,2023-09-27,322.47,Electronics,"Dallas, TX"
85,2023-06-03,1558.36,Clothing,"Dallas, TX"
86,2023-04-12,1629.29,Home Improvement,"New York, NY"
87,2023-08-03,3649.38,Bookstore,"Austin, TX"
88,2023-05-30,3189.6,Restaurant,"Chicago, IL"
89,2023-03-24,4436.63,Fast Food,"Houston, TX"
90,2023-04-20,2363.71,Grocery,"Columbus, OH"
91,2023-10-02,602.37,Fast Food,"San Antonio, TX"
92,2023-07-20,3567.66,Gas Station,"San Jose, CA"
93,2023-10-11,3805.12,Coffee Shop,"Houston, TX"
94,2023-06-22,2808.58,Department Store,"Los Angeles, CA"
95,2023-11-23,3855.98,Online Shopping,"San Antonio, TX"
96,2023-07-25,2471.51,Coffee Shop,"Philadelphia, PA"
97,2023-03-04,2616.05,Department Store,"Chicago, IL"
98,2023-03-14,2140.57,Furniture,"Philadelphia, PA"
99,2023-09-08,131.97,Department Store,"Austin, TX"
100,2023-05-04,543.92,Bookstore,"Charlotte, NC"
101,2023-05-01,161.99,Restaurant,"Philadelphia, PA"
102,2023-10-02,3183.87,Gas Station,"Jacksonville, FL"
103,2023-04-30,1575.21,Grocery,"Phoenix, AZ"
104,2023-11-13,2545.31,Grocery,"Houston, TX"
105,2023-06-13,4538.29,Clothing,"San Jose, CA"
106,2023-10-13,1250.21,Fast Food,"Jacksonville, FL"
107,2023-09-22,2054.86,Online Shopping,"Charlotte, NC"
108,2023-11-16,3778.98,Electronics,"New York, NY"
109,2023-06-10,1147.85,Restaurant,"San Jose, CA"
110,2023-11-04,389.51,Electronics,"Philadelphia, PA"
111,2023-03-30,1452.31,Gas Station,"Los Angeles, CA"
112,2023-05-22,810.3,Department Store,"Fort Worth, TX"
113,2023-07-22,4648.84,Grocery,"Chicago, IL"
114,2023-11-05,4041.56,Gas Station,"Columbus, OH"
115,2023-08-15,3168.85,Department Store,"San Diego, CA"
116,2023-11-30,4357.95,Grocery,"San Jose, CA"
117,2023-08-10,4019.34,Department Store,"Columbus, OH"
118,2023-02-10,936.92,Online Shopping,"Columbus, OH"
119,2023-07-15,4463.33,Restaurant,"Philadelphia, PA"
120,2023-03-09,2699.01,Coffee Shop,"Chicago, IL"
121,2023-09-21,4038.16,Home Improvement,"San Antonio, TX"
122,2023-01-02,4480.98,Furniture,"Houston, TX"
123,2023-12-27,1593.43,Gas Station,"Columbus, OH"
124,2023-05-05,554.71,Fast Food,"Dallas, TX"
125,2023-04-20,1143.54,Gas Station,"Charlotte, NC"
126,2023-03-27,2138.4,Home Improvement,"Phoenix, AZ"
127,2023-04-30,4090.98,Coffee Shop,"Chicago, IL"
128,2023-05-07,4304.35,Pharmacy,"Los Angeles, CA"
129,2023-09-12,39.73,Bookstore,"Austin, TX"
130,2023-07-02,2556.18,Online Shopping,"Los Angeles, CA"
131,2023-01-16,2089.97,Online Shopping,"Chicago, IL"
132,2023-03-03,1114.43,Home Improvement,"Los Angeles, CA"
133,2023-06-07,603.73,Fast Food,"Columbus, OH"
134,2023-09-25,1691.39,Electronics,"Houston, TX"
135,2023-02-04,4714.83,Department Store,"Los Angeles, CA"
136,2023-09-24,1619.4,Bookstore,"San Jose, CA"
137,2023-03-05,2596.36,Restaurant,"Dallas, TX"
138,2023-02-19,3516.58,Restaurant,"Los Angeles, CA"
139,2023-09-12,1821.33,Home Improvement,"Dallas, TX"
140,2023-05-29,4859.05,Online Shopping,"Fort Worth, TX"
141,2023-11-21,4812.42,Restaurant,"Philadelphia, PA"
142,2023-10-31,1262.65,Fast Food,"New York, NY"
143,2023-10-03,2488.76,Pharmacy,"Houston, TX"
144,2023-12-23,1507.89,Gas Station,"Charlotte, NC"
145,2023-06-21,1427.78,Clothing,"Columbus, OH"
146,2023-07-20,189.25,Fast Food,"New York, NY"
147,2023-11-20,3049.77,Furniture,"Columbus, OH"
148,2023-02-04,2515.88,Home Improvement,"Philadelphia, PA"
149,2023-08-04,262.14,Electronics,"Columbus, OH"
150,2023-03-06,1396.84,Department Store,"Fort Worth, TX"
151,2023-01-08,4541.79,Furniture,"Houston, TX"
152,2023-10-28,1201.61,Department Store,"Chicago, IL"
153,2023-12-09,728.75,Grocery,"Chicago, IL"
154,2023-11-28,2449.82,Furniture,"Dallas, TX"
155,2023-03-17,4928.32,Clothing,"Philadelphia, PA"
156,2023-06-23,1214.07,Online Shopping,"Dallas, TX"
157,2023-02-16,3362.32,Pharmacy,"Fort Worth, TX"
158,2023-01-15,3809.29,Gas Station,"Phoenix, AZ"
159,2023-12-27,1192.0,Gas Station,"Los Angeles, CA"
160,2023-05-27,3642.44,Pharmacy,"San Diego, CA"
161,2023-01-26,1842.08,Bookstore,"Phoenix, AZ"
162,2023-11-04,3163.37,Grocery,"Los Angeles, CA"
163,2023-04-03,3169.48,Department Store,"Houston, TX"
164,2023-08-20,2681.19,Clothing,"Dallas, TX"
165,2023-01-21,456.0,Restaurant,"Charlotte, NC"
166,2023-11-03,4177.34,Furniture,"Houston, TX"
167,2023-02-07,1607.3,Grocery,"Fort Worth, TX"
168,2023-10-03,936.66,Fast Food,"Jacksonville, FL"
169,2023-06-06,208.67,Home Improvement,"Jacksonville, FL"
170,2023-06-28,2956.51,Furniture,"Jacksonville, FL"
171,2023-05-12,3389.43,Clothing,"Fort Worth, TX"
172,2023-11-07,87.86,Electronics,"Charlotte, NC"
173,2023-12-14,2562.9,Electronics,"Columbus, OH"
174,2023-01-28,1136.35,Grocery,"Houston, TX"
175,2023-09-17,3227.64,Online Shopping,"Los Angeles, CA"
176,2023-03-17,875.96,Clothing,"Fort Worth, TX"
177,2023-03-08,3456.23,Clothing,"Jacksonville, FL"
178,2023-12-08,1936.74,Pharmacy,"Charlotte, NC"
179,2023-07-13,4683.97,Fast Food,"Philadelphia, PA"
180,2023-06-11,691.92,Online Shopping,"Fort Worth, TX"
181,2023-12-13,1708.63,Fast Food,"Austin, TX"
182,2023-12-27,571.8,Department Store,"Columbus, OH"
183,2023-09-14,4623.84,Department Store,"Los Angeles, CA"
184,2023-03-13,4387.31,Restaurant,"Jacksonville, FL"
185,2023-03-28,1293.42,Gas Station,"San Antonio, TX"
186,2023-09-19,3301.62,Electronics,"Chicago, IL"
187,2023-08-02,4087.02,Home Improvement,"Charlotte, NC"
188,2023-06-02,2778.23,Department Store,"Chicago, IL"
189,2023-07-29,2650.6,Online Shopping,"Phoenix, AZ"
190,2023-03-02,1213.05,Clothing,"Chicago, IL"
191,2023-09-25,470.05,Home Improvement,"Los Angeles, CA"
192,2023-09-19,4486.59,Coffee Shop,"San Jose, CA"
193,2023-08-06,4502.59,Fast Food,"Dallas, TX"
194,2023-10-10,3167.34,Department Store,"Los Angeles, CA"
195,2023-05-16,1698.45,Clothing,"Columbus, OH"
196,2023-12-28,1749.3,Department Store,"Austin, TX"
197,2023-04-03,3631.15,Electronics,"Los Angeles, CA"
198,2023-04-19,4486.07,Coffee Shop,"Fort Worth, TX"
199,2023-08-29,4436.0,Furniture,"Charlotte, NC"
200,2023-12-21,3900.48,Department Store,"San Diego, CA"
201,2023-05-22,3211.95,Online Shopping,"Charlotte, NC"
202,2023-10-18,425.28,Department Store,"Dallas, TX"
203,2023-08-25,812.34,Gas Station,"San Antonio, TX"
204,2023-12-06,4493.28,Home Improvement,"Chicago, IL"
205,2023-11-08,3034.11,Home Improvement,"Dallas, TX"
206,2023-06-26,50.94,Electronics,"Chicago, IL"
207,2023-05-21,511.85,Online Shopping,"Phoenix, AZ"
208,2023-07-08,3319.19,Coffee Shop,"Dallas, TX"
209,2023-02-18,30.28,Pharmacy,"Jacksonville, FL"
210,2023-10-29,808.24,Online Shopping,"Columbus, OH"
211,2023-07-09,2745.93,Home Improvement,"Columbus, OH"
212,2023-05-16,3461.02,Gas Station,"Chicago, IL"
213,2023-02-12,3261.55,Furniture,"San Antonio, TX"
214,2023-12-19,1125.23,Electronics,"Jacksonville, FL"
215,2023-03-31,3562.34,Pharmacy,"New York, NY"
216,2023-10-22,1190.06,Gas Station,"Houston, TX"
217,2023-12-07,1630.37,Coffee Shop,"Houston, TX"
218,2023-09-02,3733.72,Fast Food,"San Antonio, TX"
219,2023-07-11,3249.92,Coffee Shop,"San Diego, CA"
220,2023-11-14,4246.87,Gas Station,"New York, NY"
221,2023-04-16,3289.78,Fast Food,"Phoenix, AZ"
222,2023-12-29,2843.7,Grocery,"San Antonio, TX"
223,2023-11-06,472.91,Electronics,"Jacksonville, FL"
224,2023-08-21,1841.74,Online Shopping,"Houston, TX"
225,2023-09-22,1329.69,Fast Food,"Fort Worth, TX"
226,2023-12-10,1223.73,Fast Food,"Houston, TX"
227,2023-02-06,4865.19,Clothing,"Houston, TX"
228,2023-11-01,1968.52,Furniture,"Jacksonville, FL"
229,2023-02-10,4460.77,Clothing,"Philadelphia, PA"
230,2023-01-17,3157.54,Online Shopping,"San Antonio, TX"
231,2023-12-10,3975.08,Online Shopping,"Los Angeles, CA"
232,2023-10-04,2515.67,Electronics,"Charlotte, NC"
233,2023-11-03,2886.63,Online Shopping,"Phoenix, AZ"
234,2023-02-28,2465.13,Home Improvement,"Houston, TX"
235,2023-07-02,980.24,Fast Food,"Charlotte, NC"
236,2023-02-10,3613.65,Fast Food,"Columbus, OH"
237,2023-02-08,1407.46,Grocery,"Fort Worth, TX"
238,2023-07-11,126.46,Pharmacy,"Chicago, IL"
239,2023-09-24,3229.13,Online Shopping,"San Antonio, TX"
240,2023-05-27,889.67,Clothing,"Austin, TX"
241,2023-11-29,4702.59,Online Shopping,"Jacksonville, FL"
242,2023-05-07,4769.87,Coffee Shop,"Philadelphia, PA"
243,2023-02-15,4574.75,Grocery,"Columbus, OH"
244,2023-02-14,1853.94,Home Improvement,"San Antonio, TX"
245,2023-01-01,82.21,Home Improvement,"Phoenix, AZ"
246,2023-06-17,4641.95,Department Store,"Fort Worth, TX"
247,2023-04-18,2143.78,Fast Food,"Philadelphia, PA"
248,2023-01-19,4833.44,Home Improvement,"Phoenix, AZ"
249,2023-11-28,4818.28,Fast Food,"Columbus, OH"
250,2023-03-13,4265.78,Department Store,"San Antonio, TX"
251,2023-04-19,1475.77,Gas Station,"Los Angeles, CA"
252,2023-09-25,1928.56,Furniture,"Columbus, OH"
253,2023-08-28,4256.43,Restaurant,"Austin, TX"
254,2023-10-28,1588.03,Home Improvement,"Phoenix, AZ"
255,2023-03-31,851.62,Pharmacy,"Philadelphia, PA"
256,2023-04-13,2786.22,Coffee Shop,"Philadelphia, PA"
257,2023-09-07,4681.09,Bookstore,"Charlotte, NC"
258,2023-01-08,3481.67,Gas Station,"Phoenix, AZ"
259,2023-06-02,2852.46,Home Improvement,"San Jose, CA"
260,2023-12-13,490.4,Fast Food,"San Antonio, TX"
261,2023-06-23,3076.96,Furniture,"San Jose, CA"
262,2023-12-09,4950.32,Department Store,"San Diego, CA"
263,2023-06-07,704.72,Clothing,"San Antonio, TX"
264,2023-08-03,2594.06,Bookstore,"Phoenix, AZ"
265,2023-06-26,4387.48,Furniture,"New York, NY"
266,2023-06-24,3705.14,Furniture,"Fort Worth, TX"
267,2023-12-06,3486.59,Home Improvement,"Phoenix, AZ"
268,2023-12-04,3513.91,Gas Station,"San Jose, CA"
269,2023-05-26,1800.66,Bookstore,"Los Angeles, CA"
270,2023-11-20,1471.49,Electronics,"Fort Worth, TX"
271,2023-06-10,4047.76,Restaurant,"Phoenix, AZ"
272,2023-05-07,4051.52,Electronics,"Phoenix, AZ"
273,2023-03-23,4336.03,Fast Food,"Los Angeles, CA"
274,2023-05-27,4566.64,Fast Food,"Phoenix, AZ"
275,2023-08-27,2559.16,Coffee Shop,"Fort Worth, TX"
276,2023-03-25,2510.07,Bookstore,"Houston, TX"
277,2023-04-23,3992.48,Electronics,"New York, NY"
278,2023-08-13,3251.57,Fast Food,"Chicago, IL"
279,2023-11-28,3511.32,Home Improvement,"New York, NY"
280,2023-08-31,3979.98,Grocery,"Jacksonville, FL"
281,2023-05-23,4450.58,Department Store,"Austin, TX"
282,2023-02-10,1693.29,Grocery,"Charlotte, NC"
283,2023-09-15,1881.04,Online Shopping,"Phoenix, AZ"
284,2023-10-12,474.44,Electronics,"Houston, TX"
285,2023-04-15,2893.51,Coffee Shop,"San Antonio, TX"
286,2023-07-21,184.53,Online Shopping,"Phoenix, AZ"
287,2023-11-03,2330.66,Fast Food,"San Jose, CA"
288,2023-11-27,2715.51,Clothing,"Columbus, OH"
289,2023-09-23,1436.27,Pharmacy,"Houston, TX"
290,2023-07-29,2956.21,Clothing,"Los Angeles, CA"
291,2023-02-20,157.35,Bookstore,"Houston, TX"
292,2023-04-28,191.55,Furniture,"Jacksonville, FL"
293,2023-07-20,4113.89,Department Store,"Los Angeles, CA"
294,2023-02-08,1804.15,Electronics,"San Diego, CA"
295,2023-01-28,639.67,Coffee Shop,"Chicago, IL"
296,2023-09-16,2613.61,Coffee Shop,"Dallas, TX"
297,2023-03-25,3851.12,Gas Station,"Fort Worth, TX"
298,2023-06-04,1083.03,Fast Food,"Houston, TX"
299,2023-04-27,3116.34,Pharmacy,"Fort Worth, TX"
300,2023-01-02,431.31,Restaurant,"Philadelphia, PA"
301,2023-04-03,263.15,Restaurant,"San Jose, CA"
302,2023-06-15,2659.12,Restaurant,"Phoenix, AZ"
303,2023-12-16,2705.47,Electronics,"San Jose, CA"
304,2023-10-23,3188.96,Restaurant,"Fort Worth, TX"
305,2023-09-15,3631.83,Home Improvement,"New York, NY"
306,2023-03-22,4879.38,Grocery,"Dallas, TX"
307,2023-09-25,2583.92,Coffee Shop,"New York, NY"
308,2023-08-23,1618.17,Pharmacy,"San Diego, CA"
309,2023-11-17,3976.96,Grocery,"Dallas, TX"
310,2023-11-07,1357.81,Furniture,"Dallas, TX"
311,2023-10-28,2197.66,Pharmacy,"New York, NY"
312,2023-12-23,396.89,Grocery,"Los Angeles, CA"
313,2023-08-01,131.63,Pharmacy,"Jacksonville, FL"
314,2023-03-03,4813.43,Furniture,"Fort Worth, TX"
315,2023-02-18,4180.72,Online Shopping,"New York, NY"
316,2023-05-07,3481.39,Home Improvement,"San Jose, CA"
317,2023-08-11,2047.72,Electronics,"Los Angeles, CA"
318,2023-10-06,870.61,Electronics,"San Jose, CA"
319,2023-10-21,786.4,Fast Food,"Jacksonville, FL"
320,2023-10-11,1254.96,Coffee Shop,"San Diego, CA"
321,2023-10-04,2748.39,Restaurant,"Phoenix, AZ"
322,2023-04-17,3574.41,Home Improvement,"Jacksonville, FL"
323,2023-05-26,3302.69,Clothing,"Austin, TX"
324,2023-04-09,1403.27,Restaurant,"San Antonio, TX"
325,2023-03-14,4774.55,Fast Food,"Los Angeles, CA"
326,2023-05-02,3690.8,Coffee Shop,"San Diego, CA"
327,2023-01-30,2774.0,Bookstore,"Austin, TX"
328,2023-07-07,3060.55,Fast Food,"Philadelphia, PA"
329,2023-12-30,2100.9,Home Improvement,"San Diego, CA"
330,2023-12-20,1242.42,Grocery,"New York, NY"
331,2023-10-15,1783.08,Pharmacy,"Charlotte, NC"
332,2023-07-14,3790.44,Clothing,"New York, NY"
333,2023-06-05,76.9,Home Improvement,"Jacksonville, FL"
334,2023-06-21,584.78,Furniture,"San Antonio, TX"
335,2023-12-01,234.78,Bookstore,"San Diego, CA"
336,2023-02-10,208.44,Furniture,"Fort Worth, TX"
337,2023-03-04,4278.03,Electronics,"Chicago, IL"
338,2023-01-23,3519.77,Electronics,"Phoenix, AZ"
339,2023-12-26,2373.5,Fast Food,"Jacksonville, FL"
340,2023-03-16,493.68,Restaurant,"New York, NY"
341,2023-02-17,2460.62,Grocery,"San Antonio, TX"
342,2023-06-09,2369.99,Clothing,"Phoenix, AZ"
343,2023-11-09,870.14,Fast Food,"San Diego, CA"
344,2023-04-28,2172.09,Department Store,"Fort Worth, TX"
345,2023-04-10,1995.53,Bookstore,"San Diego, CA"
346,2023-06-16,3081.17,Bookstore,"Dallas, TX"
347,2023-10-17,3177.29,Fast Food,"San Antonio, TX"
348,2023-06-05,231.29,Fast Food,"Austin, TX"
349,2023-01-07,1876.19,Home Improvement,"New York, NY"
350,2023-07-15,3131.17,Restaurant,"Fort Worth, TX"
351,2023-02-25,2518.17,Electronics,"Chicago, IL"
352,2023-11-17,4283.17,Restaurant,"San Diego, CA"
353,2023-07-12,3295.17,Pharmacy,"Chicago, IL"
354,2023-02-16,818.86,Home Improvement,"San Diego, CA"
355,2023-05-28,357.49,Home Improvement,"New York, NY"
356,2023-10-02,3213.88,Clothing,"Phoenix, AZ"
357,2023-06-06,137.42,Grocery,"Houston, TX"
358,2023-07-21,2930.95,Coffee Shop,"Phoenix, AZ"
359,2023-05-06,4701.45,Online Shopping,"San Diego, CA"
360,2023-11-01,2879.49,Coffee Shop,"San Jose, CA"
361,2023-10-21,1943.91,Fast Food,"Charlotte, NC"
362,2023-03-05,3218.22,Gas Station,"Columbus, OH"
363,2023-11-21,2293.97,Gas Station,"Houston, TX"
364,2023-06-25,2730.36,Home Improvement,"Austin, TX"
365,2023-04-26,4707.62,Restaurant,"Houston, TX"
366,2023-07-23,1933.58,Pharmacy,"Charlotte, NC"
367,2023-11-17,4806.15,Clothing,"Chicago, IL"
368,2023-01-31,4527.23,Department Store,"San Antonio, TX"
369,2023-04-23,982.98,Gas Station,"Chicago, IL"
370,2023-12-31,351.46,Clothing,"Jacksonville, FL"
371,2023-11-21,508.39,Home Improvement,"Chicago, IL"
372,2023-12-10,96.02,Grocery,"Austin, TX"
373,2023-03-08,476.74,Furniture,"San Jose, CA"
374,2023-03-16,3416.62,Coffee Shop,"Phoenix, AZ"
375,2023-02-14,360.59,Pharmacy,"Phoenix, AZ"
376,2023-09-17,1598.28,Electronics,"Columbus, OH"
377,2023-06-03,4225.15,Fast Food,"Philadelphia, PA"
378,2023-06-04,121.24,Clothing,"San Diego, CA"
379,2023-12-29,4073.27,Grocery,"San Jose, CA"
380,2023-08-22,1412.86,Department Store,"Philadelphia, PA"
381,2023-02-20,595.23,Online Shopping,"Charlotte, NC"
382,2023-11-02,3485.2,Coffee Shop,"Jacksonville, FL"
383,2023-09-19,3146.57,Electronics,"New York, NY"
384,2023-11-11,4387.97,Coffee Shop,"Charlotte, NC"
385,2023-05-05,3676.68,Home Improvement,"San Diego, CA"
386,2023-09-02,4018.39,Online Shopping,"San Diego, CA"
387,2023-01-30,1413.76,Coffee Shop,"Dallas, TX"
388,2023-05-02,891.31,Department Store,"Dallas, TX"
389,2023-05-05,3754.32,Grocery,"Los Angeles, CA"
390,2023-02-06,4035.14,Fast Food,"Charlotte, NC"
391,2023-06-19,4952.57,Gas Station,"Los Angeles, CA"
392,2023-05-04,2066.03,Online Shopping,"Chicago, IL"
393,2023-12-23,1863.23,Home Improvement,"New York, NY"
394,2023-02-04,3883.18,Electronics,"Houston, TX"
395,2023-03-28,1707.31,Restaurant,"Columbus, OH"
396,2023-05-14,4654.13,Bookstore,"Houston, TX"
397,2023-07-15,4292.77,Clothing,"Columbus, OH"
398,2023-10-01,2147.83,Fast Food,"Dallas, TX"
399,2023-07-20,3755.6,Coffee Shop,"Dallas, TX"
400,2023-10-12,3773.94,Gas Station,"Dallas, TX"
401,2023-03-18,520.1,Online Shopping,"San Jose, CA"
402,2023-02-28,4513.25,Coffee Shop,"San Antonio, TX"
403,2023-05-06,2528.74,Furniture,"Columbus, OH"
404,2023-04-19,4133.16,Clothing,"Charlotte, NC"
405,2023-08-12,1603.65,Restaurant,"Los Angeles, CA"
406,2023-10-05,4478.14,Department Store,"San Jose, CA"
407,2023-03-09,1949.06,Bookstore,"Phoenix, AZ"
408,2023-03-10,59.13,Grocery,"Houston, TX"
409,2023-06-14,4527.38,Coffee Shop,"Jacksonville, FL"
410,2023-11-01,460.98,Restaurant,"Austin, TX"
411,2023-06-11,1599.97,Restaurant,"San Diego, CA"
412,2023-12-31,4750.56,Department Store,"Los Angeles, CA"
413,2023-12-08,4753.28,Pharmacy,"Philadelphia, PA"
414,2023-11-05,2869.32,Department Store,"Fort Worth, TX"
415,2023-12-09,3161.03,Coffee Shop,"Phoenix, AZ"
416,2023-02-11,2244.99,Pharmacy,"Charlotte, NC"
417,2023-12-20,1469.59,Pharmacy,"Jacksonville, FL"
418,2023-04-19,1646.68,Gas Station,"Los Angeles, CA"
419,2023-02-20,3364.23,Gas Station,"Austin, TX"
420,2023-09-07,3763.11,Electronics,"San Jose, CA"
421,2023-12-07,3958.94,Online Shopping,"Charlotte, NC"
422,2023-01-21,3949.14,Online Shopping,"New York, NY"
423,2023-10-27,460.57,Home Improvement,"San Diego, CA"
424,2023-05-19,2474.63,Fast Food,"Los Angeles, CA"
425,2023-12-25,292.51,Grocery,"San Antonio, TX"
426,2023-11-20,2749.9,Online Shopping,"Dallas, TX"
427,2023-04-02,2210.44,Gas Station,"Dallas, TX"
428,2023-10-07,4439.08,Electronics,"San Diego, CA"
429,2023-05-05,1757.82,Electronics,"Austin, TX"
430,2023-04-21,589.75,Pharmacy,"Columbus, OH"
431,2023-12-20,719.24,Home Improvement,"Jacksonville, FL"
432,2023-05-19,3808.75,Fast Food,"San Jose, CA"
433,2023-09-30,3093.0,Department Store,"Dallas, TX"
434,2023-04-09,510.11,Grocery,"Los Angeles, CA"
435,2023-09-09,425.11,Coffee Shop,"Philadelphia, PA"
436,2023-12-04,3506.34,Pharmacy,"Houston, TX"
437,2023-04-14,368.45,Department Store,"Columbus, OH"
438,2023-08-02,4110.19,Online Shopping,"Houston, TX"
439,2023-09-06,3532.68,Home Improvement,"Phoenix, AZ"
440,2023-06-01,411.34,Pharmacy,"Jacksonville, FL"
441,2023-09-07,428.76,Clothing,"Chicago, IL"
442,2023-10-02,4933.26,Online Shopping,"Columbus, OH"
443,2023-06-14,1874.48,Department Store,"New York, NY"
444,2023-12-07,1856.36,Grocery,"San Diego, CA"
445,2023-01-08,4064.93,Coffee Shop,"Phoenix, AZ"
446,2023-10-11,4736.51,Department Store,"Chicago, IL"
447,2023-01-05,4930.08,Pharmacy,"San Jose, CA"
448,2023-05-25,3768.12,Pharmacy,"Columbus, OH"
449,2023-04-11,1884.42,Coffee Shop,"San Antonio, TX"
450,2023-06-13,422.09,Restaurant,"San Antonio, TX"
451,2023-05-27,3886.85,Grocery,"New York, NY"
452,2023-03-05,2794.23,Furniture,"Jacksonville, FL"
453,2023-04-01,2123.99,Online Shopping,"Dallas, TX"
454,2023-04-27,4532.24,Electronics,"Charlotte, NC"
455,2023-12-20,560.43,Coffee Shop,"Los Angeles, CA"
456,2023-09-24,2465.66,Grocery,"Phoenix, AZ"
457,2023-11-06,61.71,Electronics,"Fort Worth, TX"
458,2023-06-22,2345.96,Grocery,"Columbus, OH"
459,2023-02-16,286.23,Grocery,"Phoenix, AZ"
460,2023-05-20,598.5,Department Store,"Columbus, OH"
461,2023-09-03,592.04,Fast Food,"San Diego, CA"
462,2023-05-29,3247.81,Grocery,"Columbus, OH"
463,2023-09-03,3731.49,Fast Food,"San Diego, CA"
464,2023-01-05,2918.93,Restaurant,"Columbus, OH"
465,2023-07-03,4811.05,Furniture,"San Antonio, TX"
466,2023-01-20,1877.48,Pharmacy,"San Antonio, TX"
467,2023-02-15,1432.13,Bookstore,"Jacksonville, FL"
468,2023-01-12,4343.65,Electronics,"Austin, TX"
469,2023-03-11,1121.86,Pharmacy,"Philadelphia, PA"
470,2023-01-17,4816.3,Bookstore,"Philadelphia, PA"
471,2023-05-27,65.71,Furniture,"Austin, TX"
472,2023-06-03,4849.54,Furniture,"Dallas, TX"
473,2023-10-31,220.58,Electronics,"Philadelphia, PA"
474,2023-04-18,4456.26,Electronics,"Jacksonville, FL"
475,2023-08-24,2640.87,Furniture,"Fort Worth, TX"
476,2023-11-04,4964.86,Bookstore,"Fort Worth, TX"
477,2023-12-18,373.61,Coffee Shop,"Los Angeles, CA"
478,2023-03-11,2771.5,Grocery,"Los Angeles, CA"
479,2023-07-02,4846.67,Online Shopping,"Fort Worth, TX"
480,2023-09-07,2617.87,Home Improvement,"Phoenix, AZ"
481,2023-08-16,3148.85,Fast Food,"Charlotte, NC"
482,2023-04-12,3480.26,Clothing,"Houston, TX"
483,2023-03-16,2275.43,Home Improvement,"Austin, TX"
484,2023-08-04,3139.65,Pharmacy,"Los Angeles, CA"
485,2023-07-22,2923.65,Department Store,"Charlotte, NC"
486,2023-07-11,4506.28,Pharmacy,"Charlotte, NC"
487,2023-09-06,232.0,Department Store,"Chicago, IL"
488,2023-08-30,1408.41,Bookstore,"San Antonio, TX"
489,2023-06-28,4752.31,Department Store,"San Diego, CA"
490,2023-08-07,4451.87,Electronics,"Jacksonville, FL"
491,2023-03-23,2281.01,Coffee Shop,"Fort Worth, TX"
492,2023-04-02,3102.56,Online Shopping,"Philadelphia, PA"
493,2023-06-24,1390.52,Online Shopping,"Austin, TX"
494,2023-08-27,944.67,Electronics,"Phoenix, AZ"
495,2023-09-17,2321.17,Coffee Shop,"Fort Worth, TX"
496,2023-12-31,1769.99,Restaurant,"New York, NY"
497,2023-06-12,2920.36,Home Improvement,"San Diego, CA"
498,2023-02-17,393.28,Bookstore,"Chicago, IL"
499,2023-11-25,4872.1,Home Improvement,"Charlotte, NC"
500,2023-11-24,4931.12,Restaurant,"Philadelphia, PA"
501,2023-04-26,3492.32,Restaurant,"Chicago, IL"
502,2023-12-03,2682.8,Pharmacy,"San Antonio, TX"
503,2023-12-03,1551.09,Furniture,"Fort Worth, TX"
504,2023-08-13,4069.91,Pharmacy,"Columbus, OH"
505,2023-12-18,3425.23,Furniture,"San Antonio, TX"
506,2023-11-24,817.27,Clothing,"Jacksonville, FL"
507,2023-05-27,4555.08,Department Store,"Charlotte, NC"
508,2023-03-04,4113.57,Coffee Shop,"Dallas, TX"
509,2023-10-21,4749.25,Furniture,"Phoenix, AZ"
510,2023-11-19,3629.97,Home Improvement,"Charlotte, NC"
511,2023-11-21,3069.01,Electronics,"San Diego, CA"
512,2023-01-13,2094.12,Pharmacy,"San Jose, CA"
513,2023-07-08,4663.98,Coffee Shop,"San Jose, CA"
514,2023-10-14,4330.99,Bookstore,"San Diego, CA"
515,2023-07-27,230.87,Coffee Shop,"New York, NY"
516,2023-04-24,136.7,Fast Food,"Jacksonville, FL"
517,2023-01-22,1885.43,Department Store,"Phoenix, AZ"
518,2023-12-15,4053.71,Fast Food,"Chicago, IL"
519,2023-08-02,4936.44,Clothing,"New York, NY"
520,2023-06-20,756.33,Furniture,"Houston, TX"
521,2023-11-19,2972.68,Clothing,"San Diego, CA"
522,2023-02-23,1907.55,Bookstore,"Chicago, IL"
523,2023-10-25,4849.72,Restaurant,"San Jose, CA"
524,2023-11-16,4211.38,Fast Food,"Los Angeles, CA"
525,2023-05-06,4192.45,Online Shopping,"Austin, TX"
526,2023-10-04,2346.12,Fast Food,"Dallas, TX"
527,2023-07-23,2077.02,Bookstore,"San Jose, CA"
528,2023-07-13,1370.67,Gas Station,"Phoenix, AZ"
529,2023-06-18,286.6,Bookstore,"Columbus, OH"
530,2023-06-01,4324.29,Clothing,"San Antonio, TX"
531,2023-02-04,4065.44,Coffee Shop,"Austin, TX"
532,2023-07-03,4998.59,Electronics,"Austin, TX"
533,2023-10-13,4983.2,Pharmacy,"Los Angeles, CA"
534,2023-02-26,2779.38,Electronics,"Dallas, TX"
535,2023-08-10,3846.09,Clothing,"Fort Worth, TX"
536,2023-10-30,4724.1,Pharmacy,"Dallas, TX"
537,2023-06-12,4248.99,Gas Station,"Houston, TX"
538,2023-01-19,1240.5,Online Shopping,"Houston, TX"
539,2023-09-21,2255.47,Department Store,"Philadelphia, PA"
540,2023-10-09,650.15,Home Improvement,"San Jose, CA"
541,2023-04-23,4770.48,Clothing,"San Jose, CA"
542,2023-11-23,3032.84,Coffee Shop,"San Jose, CA"
543,2023-01-30,1147.07,Furniture,"Philadelphia, PA"
544,2023-05-15,3360.14,Clothing,"Jacksonville, FL"
545,2023-03-08,3092.55,Clothing,"New York, NY"
546,2023-03-06,1794.02,Fast Food,"Columbus, OH"
547,2023-10-19,572.22,Fast Food,"Columbus, OH"
548,2023-01-25,3359.51,Pharmacy,"Dallas, TX"
549,2023-02-06,2603.94,Grocery,"Los Angeles, CA"
550,2023-01-01,3862.73,Bookstore,"Phoenix, AZ"
551,2023-02-06,2603.22,Coffee Shop,"Dallas, TX"
552,2023-05-21,4261.65,Grocery,"Houston, TX"
553,2023-08-20,2761.77,Gas Station,"Austin, TX"
554,2023-05-16,2806.89,Furniture,"Chicago, IL"
555,2023-07-07,4383.88,Fast Food,"Charlotte, NC"
556,2023-05-08,2020.4,Online Shopping,"San Antonio, TX"
557,2023-07-20,674.41,Restaurant,"Philadelphia, PA"
558,2023-05-07,148.77,Gas Station,"San Diego, CA"
559,2023-09-14,3776.91,Restaurant,"Chicago, IL"
560,2023-06-13,3103.45,Coffee Shop,"Phoenix, AZ"
561,2023-02-04,3521.88,Coffee Shop,"San Jose, CA"
562,2023-07-13,1068.76,Restaurant,"Houston, TX"
563,2023-07-10,686.18,Coffee Shop,"Charlotte, NC"
564,2023-04-14,77.65,Online Shopping,"Fort Worth, TX"
565,2023-01-23,1756.18,Electronics,"Houston, TX"
566,2023-09-22,2951.64,Grocery,"Houston, TX"
567,2023-10-17,1964.26,Clothing,"San Jose, CA"
568,2023-09-17,2190.19,Department Store,"San Diego, CA"
569,2023-12-24,4521.27,Restaurant,"Philadelphia, PA"
570,2023-03-16,1744.54,Furniture,"Chicago, IL"
571,2023-12-21,2572.38,Gas Station,"San Jose, CA"
572,2023-03-13,3919.35,Electronics,"Phoenix, AZ"
573,2023-09-16,1985.73,Restaurant,"Philadelphia, PA"
574,2023-07-07,3112.32,Electronics,"Phoenix, AZ"
575,2023-06-22,4312.51,Electronics,"Philadelphia, PA"
576,2023-10-17,4747.86,Restaurant,"San Diego, CA"
577,2023-02-14,739.63,Pharmacy,"San Antonio, TX"
578,2023-03-02,4633.31,Bookstore,"Phoenix, AZ"
579,2023-03-24,2463.12,Furniture,"San Jose, CA"
580,2023-05-03,1294.93,Clothing,"Philadelphia, PA"
581,2023-12-24,2298.38,Clothing,"Columbus, OH"
582,2023-01-16,4900.26,Furniture,"Houston, TX"
583,2023-03-07,2465.63,Pharmacy,"Jacksonville, FL"
584,2023-05-25,1647.11,Fast Food,"Dallas, TX"
585,2023-06-11,3168.84,Coffee Shop,"Fort Worth, TX"
586,2023-08-22,1204.53,Clothing,"Houston, TX"
587,2023-05-24,383.94,Fast Food,"New York, NY"
588,2023-12-24,648.75,Electronics,"San Antonio, TX"
589,2023-07-07,644.59,Online Shopping,"San Antonio, TX"
590,2023-11-18,763.75,Gas Station,"Houston, TX"
591,2023-01-13,698.44,Grocery,"Fort Worth, TX"
592,2023-07-03,3206.17,Clothing,"Columbus, OH"
593,2023-04-21,913.49,Furniture,"Chicago, IL"
594,2023-10-17,1731.61,Online Shopping,"San Diego, CA"
595,2023-10-22,4484.46,Restaurant,"Phoenix, AZ"
596,2023-08-03,2372.44,Bookstore,"San Jose, CA"
597,2023-04-30,3339.45,Furniture,"San Antonio, TX"
598,2023-02-24,865.74,Coffee Shop,"Houston, TX"
599,2023-01-27,965.48,Electronics,"Houston, TX"
600,2023-04-28,209.14,Bookstore,"San Diego, CA"
601,2023-08-09,848.83,Gas Station,"Columbus, OH"
602,2023-08-19,1396.56,Gas Station,"San Diego, CA"
603,2023-02-22,889.17,Pharmacy,"Los Angeles, CA"
604,2023-10-22,448.07,Fast Food,"Columbus, OH"
605,2023-11-17,607.58,Department Store,"Los Angeles, CA"
606,2023-08-21,2306.59,Pharmacy,"Chicago, IL"
607,2023-06-07,1035.64,Coffee Shop,"Charlotte, NC"
608,2023-09-26,1824.53,Fast Food,"Jacksonville, FL"
609,2023-01-21,2519.57,Online Shopping,"Jacksonville, FL"
610,2023-02-22,3453.52,Bookstore,"Chicago, IL"
611,2023-10-02,201.36,Department Store,"New York, NY"
612,2023-11-09,3998.05,Restaurant,"Charlotte, NC"
613,2023-10-08,3141.36,Electronics,"Columbus, OH"
614,2023-08-02,413.39,Bookstore,"Chicago, IL"
615,2023-01-31,4368.53,Pharmacy,"Philadelphia, PA"
616,2023-12-03,4604.76,Grocery,"San Diego, CA"
617,2023-07-02,310.08,Home Improvement,"Fort Worth, TX"
618,2023-01-23,1388.0,Department Store,"Jacksonville, FL"
619,2023-02-01,4031.98,Department Store,"Columbus, OH"
620,2023-03-15,3742.56,Coffee Shop,"San Jose, CA"
621,2023-01-10,926.68,Electronics,"Philadelphia, PA"
622,2023-02-23,1050.7,Clothing,"Phoenix, AZ"
623,2023-02-21,1855.51,Gas Station,"Charlotte, NC"
624,2023-05-28,2425.19,Gas Station,"Houston, TX"
625,2023-06-09,3093.18,Grocery,"Chicago, IL"
626,2023-01-14,1847.72,Online Shopping,"Fort Worth, TX"
627,2023-06-27,2315.36,Coffee Shop,"Houston, TX"
628,2023-02-22,3738.62,Online Shopping,"Columbus, OH"
629,2023-12-01,188.23,Restaurant,"San Antonio, TX"
630,2023-01-22,1265.92,Fast Food,"New York, NY"
631,2023-01-30,3568.18,Bookstore,"San Antonio, TX"
632,2023-07-10,4476.56,Home Improvement,"New York, NY"
633,2023-09-17,2560.83,Furniture,"Los Angeles, CA"
634,2023-07-24,2662.91,Clothing,"Charlotte, NC"
635,2023-02-28,540.32,Pharmacy,"Houston, TX"
636,2023-09-21,2239.82,Furniture,"New York, NY"
637,2023-01-12,2665.42,Fast Food,"Austin, TX"
638,2023-04-29,1216.14,Furniture,"Jacksonville, FL"
639,2023-10-17,1349.87,Coffee Shop,"Austin, TX"
640,2023-12-04,1889.53,Department Store,"Charlotte, NC"
641,2023-09-05,105.26,Grocery,"Austin, TX"
642,2023-12-20,1613.79,Gas Station,"Dallas, TX"
643,2023-05-07,1061.18,Restaurant,"Jacksonville, FL"
644,2023-03-16,1640.85,Online Shopping,"Philadelphia, PA"
645,2023-12-27,603.21,Home Improvement,"Fort Worth, TX"
646,2023-07-23,4453.18,Coffee Shop,"New York, NY"
647,2023-02-18,2969.99,Grocery,"New York, NY"
648,2023-03-20,3397.12,Department Store,"Philadelphia, PA"
649,2023-08-29,3946.91,Pharmacy,"Houston, TX"
650,2023-12-15,2494.72,Restaurant,"Houston, TX"
651,2023-06-03,439.17,Coffee Shop,"Charlotte, NC"
652,2023-10-01,2687.85,Department Store,"Austin, TX"
653,2023-04-06,2936.27,Home Improvement,"Charlotte, NC"
654,2023-08-02,3728.47,Gas Station,"Philadelphia, PA"
655,2023-10-21,2161.14,Gas Station,"Charlotte, NC"
656,2023-07-28,642.26,Coffee Shop,"Columbus, OH"
657,2023-12-09,1422.46,Gas Station,"Jacksonville, FL"
658,2023-03-29,1818.6,Grocery,"Austin, TX"
659,2023-11-02,3231.36,Grocery,"San Antonio, TX"
660,2023-09-21,2856.04,Online Shopping,"Dallas, TX"
661,2023-11-21,1783.7,Coffee Shop,"San Jose, CA"
662,2023-11-16,4932.64,Online Shopping,"Phoenix, AZ"
663,2023-06-06,3030.85,Coffee Shop,"Dallas, TX"
664,2023-06-05,1189.95,Pharmacy,"Houston, TX"
665,2023-05-19,513.4,Coffee Shop,"Fort Worth, TX"
666,2023-05-01,768.53,Home Improvement,"San Jose, CA"
667,2023-03-06,1233.56,Fast Food,"Los Angeles, CA"
668,2023-04-17,807.6,Restaurant,"Chicago, IL"
669,2023-05-27,936.9,Electronics,"Fort Worth, TX"
670,2023-05-17,1429.05,Electronics,"Austin, TX"
671,2023-06-11,871.0,Department Store,"New York, NY"
672,2023-04-10,4484.34,Gas Station,"Columbus, OH"
673,2023-12-04,405.77,Restaurant,"Columbus, OH"
674,2023-11-03,2624.93,Furniture,"Philadelphia, PA"
675,2023-05-21,2054.93,Fast Food,"Fort Worth, TX"
676,2023-03-24,4911.98,Grocery,"Philadelphia, PA"
677,2023-06-26,564.63,Bookstore,"New York, NY"
678,2023-07-17,1992.29,Clothing,"Austin, TX"
679,2023-04-22,4847.5,Pharmacy,"Fort Worth, TX"
680,2023-02-25,4328.21,Gas Station,"Chicago, IL"
681,2023-06-28,4086.27,Gas Station,"Phoenix, AZ"
682,2023-07-05,1293.22,Home Improvement,"Chicago, IL"
683,2023-08-06,858.58,Gas Station,"San Jose, CA"
684,2023-11-12,3344.87,Grocery,"Chicago, IL"
685,2023-08-05,4647.23,Grocery,"Columbus, OH"
686,2023-04-30,2786.03,Clothing,"San Jose, CA"
687,2023-06-24,2860.21,Coffee Shop,"Chicago, IL"
688,2023-01-23,1403.5,Furniture,"Phoenix, AZ"
689,2023-08-01,3848.62,Restaurant,"Fort Worth, TX"
690,2023-08-23,939.28,Gas Station,"Phoenix, AZ"
691,2023-01-13,1621.78,Electronics,"Houston, TX"
692,2023-04-11,2130.06,Online Shopping,"New York, NY"
693,2023-01-24,2540.51,Home Improvement,"Phoenix, AZ"
694,2023-12-30,1215.84,Home Improvement,"San Jose, CA"
695,2023-01-11,578.61,Electronics,"Phoenix, AZ"
696,2023-09-30,3055.05,Department Store,"Houston, TX"
697,2023-10-08,1446.71,Electronics,"Philadelphia, PA"
698,2023-04-04,2908.28,Fast Food,"San Jose, CA"
699,2023-07-20,776.04,Department Store,"Houston, TX"
700,2023-01-21,2408.29,Bookstore,"Columbus, OH"
701,2023-12-06,2665.28,Online Shopping,"San Antonio, TX"
702,2023-07-30,263.86,Home Improvement,"San Antonio, TX"
703,2023-05-20,1686.34,Electronics,"Los Angeles, CA"
704,2023-10-20,676.4,Bookstore,"Chicago, IL"
705,2023-10-25,321.56,Coffee Shop,"New York, NY"
706,2023-04-11,4949.85,Pharmacy,"San Diego, CA"
707,2023-10-31,1615.16,Restaurant,"Dallas, TX"
708,2023-12-25,4050.32,Bookstore,"Houston, TX"
709,2023-01-28,1276.93,Fast Food,"Philadelphia, PA"
710,2023-02-10,3409.11,Restaurant,"Dallas, TX"
711,2023-12-21,3802.34,Electronics,"Philadelphia, PA"
712,2023-10-30,2980.22,Furniture,"Columbus, OH"
713,2023-05-26,2360.52,Coffee Shop,"Jacksonville, FL"
714,2023-09-13,2062.15,Bookstore,"Jacksonville, FL"
715,2023-08-15,1747.6,Online Shopping,"Jacksonville, FL"
716,2023-08-24,4648.0,Electronics,"Dallas, TX"
717,2023-12-27,4153.94,Gas Station,"Charlotte, NC"
718,2023-01-13,4825.31,Grocery,"Houston, TX"
719,2023-07-29,625.86,Bookstore,"San Diego, CA"
720,2023-08-17,3655.68,Online Shopping,"Dallas, TX"
721,2023-04-10,4692.01,Fast Food,"Houston, TX"
722,2023-01-31,910.26,Pharmacy,"Phoenix, AZ"
723,2023-01-16,337.15,Gas Station,"Columbus, OH"
724,2023-05-17,3706.9,Pharmacy,"San Diego, CA"
725,2023-11-25,2874.49,Electronics,"Jacksonville, FL"
726,2023-06-15,4209.93,Grocery,"San Jose, CA"
727,2023-11-06,703.16,Bookstore,"Columbus, OH"
728,2023-04-10,3977.36,Bookstore,"Philadelphia, PA"
729,2023-04-19,1012.13,Furniture,"Jacksonville, FL"
730,2023-12-09,822.46,Home Improvement,"San Antonio, TX"
731,2023-06-22,825.51,Furniture,"Chicago, IL"
732,2023-08-25,4073.8,Electronics,"San Antonio, TX"
733,2023-06-11,3327.66,Electronics,"Jacksonville, FL"
734,2023-08-04,2617.71,Grocery,"Columbus, OH"
735,2023-09-21,1797.36,Furniture,"San Diego, CA"
736,2023-09-20,4386.62,Online Shopping,"San Jose, CA"
737,2023-10-19,1965.26,Online Shopping,"Philadelphia, PA"
738,2023-10-01,4083.91,Grocery,"Charlotte, NC"
739,2023-01-03,2198.48,Coffee Shop,"San Jose, CA"
740,2023-01-28,1887.84,Home Improvement,"Dallas, TX"
741,2023-11-22,2316.09,Online Shopping,"Fort Worth, TX"
742,2023-05-29,1510.38,Department Store,"Philadelphia, PA"
743,2023-01-28,3739.31,Restaurant,"Jacksonville, FL"
744,2023-11-06,2516.09,Grocery,"Dallas, TX"
745,2023-03-06,1164.9,Grocery,"Fort Worth, TX"
746,2023-12-22,4498.37,Clothing,"Houston, TX"
747,2023-01-21,1922.54,Gas Station,"San Diego, CA"
748,2023-09-09,2720.05,Gas Station,"Austin, TX"
749,2023-08-23,4532.83,Department Store,"Houston, TX"
750,2023-08-15,3123.07,Furniture,"Los Angeles, CA"
751,2023-01-13,588.91,Coffee Shop,"San Jose, CA"
752,2023-11-09,4699.46,Electronics,"Austin, TX"
753,2023-02-18,3140.4,Electronics,"Dallas, TX"
754,2023-04-28,1677.85,Pharmacy,"Phoenix, AZ"
755,2023-02-23,700.66,Department Store,"Houston, TX"
756,2023-05-18,3971.16,Grocery,"Los Angeles, CA"
757,2023-02-22,3102.26,Department Store,"New York, NY"
758,2023-02-13,2669.64,Department Store,"Austin, TX"
759,2023-10-30,4469.99,Fast Food,"San Antonio, TX"
760,2023-02-22,3944.04,Department Store,"Philadelphia, PA"
761,2023-03-15,762.62,Gas Station,"Charlotte, NC"
762,2023-02-15,1562.05,Fast Food,"Charlotte, NC"
763,2023-01-13,1246.2,Department Store,"Los Angeles, CA"
764,2023-06-14,3721.01,Home Improvement,"San Diego, CA"
765,2023-04-12,172.49,Restaurant,"Austin, TX"
766,2023-10-07,2851.6,Electronics,"Houston, TX"
767,2023-09-15,3813.48,Fast Food,"San Diego, CA"
768,2023-12-03,4384.44,Pharmacy,"Charlotte, NC"
769,2023-12-22,1713.7,Restaurant,"San Antonio, TX"
770,2023-05-18,4107.18,Pharmacy,"Phoenix, AZ"
771,2023-06-12,557.61,Clothing,"San Jose, CA"
772,2023-04-21,4233.03,Pharmacy,"San Jose, CA"
773,2023-04-12,641.81,Electronics,"Jacksonville, FL"
774,2023-01-17,1989.45,Electronics,"San Diego, CA"
775,2023-09-25,3987.49,Fast Food,"Columbus, OH"
776,2023-07-01,753.84,Department Store,"Dallas, TX"
777,2023-01-24,1150.11,Bookstore,"Phoenix, AZ"
778,2023-01-29,3612.65,Clothing,"San Jose, CA"
779,2023-06-20,3601.58,Fast Food,"Phoenix, AZ"
780,2023-08-16,3207.53,Home Improvement,"Los Angeles, CA"
781,2023-07-07,3471.27,Grocery,"Phoenix, AZ"
782,2023-12-12,2715.91,Online Shopping,"Chicago, IL"
783,2023-08-18,1262.74,Pharmacy,"San Antonio, TX"
784,2023-11-17,1731.75,Bookstore,"San Jose, CA"
785,2023-12-06,912.08,Department Store,"Phoenix, AZ"
786,2023-04-29,4542.71,Gas Station,"San Diego, CA"
787,2023-06-05,2919.04,Grocery,"New York, NY"
788,2023-09-29,2007.25,Coffee Shop,"Chicago, IL"
789,2023-06-24,2312.72,Furniture,"Chicago, IL"
790,2023-04-14,4736.68,Bookstore,"Dallas, TX"
791,2023-04-02,770.99,Gas Station,"Phoenix, AZ"
792,2023-07-05,2933.22,Clothing,"Jacksonville, FL"
793,2023-10-10,2531.91,Coffee Shop,"Dallas, TX"
794,2023-06-30,3059.21,Fast Food,"Fort Worth, TX"
795,2023-06-19,95.46,Department Store,"Dallas, TX"
796,2023-07-06,4361.26,Grocery,"New York, NY"
797,2023-06-24,4660.93,Grocery,"Los Angeles, CA"
798,2023-08-10,2827.84,Grocery,"Phoenix, AZ"
799,2023-08-21,3484.77,Clothing,"Houston, TX"
800,2023-06-11,4612.88,Coffee Shop,"Charlotte, NC"
801,2023-05-14,3537.66,Pharmacy,"San Jose, CA"
802,2023-08-12,766.93,Furniture,"Dallas, TX"
803,2023-06-02,2883.56,Home Improvement,"San Antonio, TX"
804,2023-02-02,3035.54,Clothing,"Philadelphia, PA"
805,2023-02-24,2123.53,Online Shopping,"San Antonio, TX"
806,2023-01-07,3683.54,Furniture,"New York, NY"
807,2023-09-01,4672.16,Electronics,"New York, NY"
808,2023-11-09,4628.21,Department Store,"San Diego, CA"
809,2023-05-06,2256.94,Clothing,"Fort Worth, TX"
810,2023-01-12,570.62,Gas Station,"Fort Worth, TX"
811,2023-01-16,4924.28,Furniture,"Los Angeles, CA"
812,2023-07-27,4195.3,Online Shopping,"Jacksonville, FL"
813,2023-02-12,627.69,Electronics,"San Jose, CA"
814,2023-05-15,4604.61,Pharmacy,"Austin, TX"
815,2023-08-16,4350.13,Coffee Shop,"Dallas, TX"
816,2023-04-21,2596.6,Gas Station,"San Antonio, TX"
817,2023-11-03,2958.42,Fast Food,"Philadelphia, PA"
818,2023-06-09,1998.02,Furniture,"New York, NY"
819,2023-11-27,278.53,Department Store,"New York, NY"
820,2023-09-21,1679.31,Coffee Shop,"Los Angeles, CA"
821,2023-08-13,4015.25,Gas Station,"Philadelphia, PA"
822,2023-08-05,28.14,Electronics,"Columbus, OH"
823,2023-02-14,1670.83,Gas Station,"Philadelphia, PA"
824,2023-08-02,1993.85,Coffee Shop,"Los Angeles, CA"
825,2023-02-28,2689.29,Restaurant,"New York, NY"
826,2023-05-12,4599.68,Home Improvement,"San Jose, CA"
827,2023-04-14,1735.0,Bookstore,"Phoenix, AZ"
828,2023-07-14,1738.03,Pharmacy,"Phoenix, AZ"
829,2023-06-06,3688.82,Electronics,"Los Angeles, CA"
830,2023-04-08,2263.83,Coffee Shop,"Philadelphia, PA"
831,2023-08-14,1126.9,Home Improvement,"Dallas, TX"
832,2023-07-24,2264.94,Home Improvement,"Los Angeles, CA"
833,2023-03-20,708.58,Fast Food,"San Jose, CA"
834,2023-05-04,886.05,Gas Station,"Los Angeles, CA"
835,2023-08-06,2494.35,Bookstore,"Chicago, IL"
836,2023-01-04,2097.53,Home Improvement,"Fort Worth, TX"
837,2023-03-31,4574.66,Bookstore,"San Antonio, TX"
838,2023-04-14,1815.16,Gas Station,"Philadelphia, PA"
839,2023-04-29,2905.04,Coffee Shop,"Jacksonville, FL"
840,2023-05-13,3163.16,Department Store,"San Diego, CA"
841,2023-11-08,70.41,Restaurant,"Charlotte, NC"
842,2023-04-06,3319.37,Home Improvement,"San Diego, CA"
843,2023-11-27,894.29,Clothing,"Philadelphia, PA"
844,2023-05-23,4805.55,Restaurant,"Jacksonville, FL"
845,2023-10-15,747.57,Gas Station,"Austin, TX"
846,2023-01-28,2076.05,Fast Food,"San Jose, CA"
847,2023-10-05,431.32,Pharmacy,"Chicago, IL"
848,2023-08-21,4984.39,Clothing,"Chicago, IL"
849,2023-01-17,2513.46,Electronics,"Charlotte, NC"
850,2023-02-28,2978.95,Fast Food,"New York, NY"
851,2023-03-31,340.05,Restaurant,"San Antonio, TX"
852,2023-07-18,3751.05,Gas Station,"Phoenix, AZ"
853,2023-12-28,1053.48,Restaurant,"Houston, TX"
854,2023-01-26,4490.78,Home Improvement,"San Jose, CA"
855,2023-01-25,1029.67,Fast Food,"Charlotte, NC"
856,2023-10-28,957.49,Coffee Shop,"Houston, TX"
857,2023-12-05,187.57,Clothing,"Columbus, OH"
858,2023-09-24,2362.97,Online Shopping,"Houston, TX"
859,2023-06-30,2826.38,Furniture,"Philadelphia, PA"
860,2023-12-26,333.21,Restaurant,"Charlotte, NC"
861,2023-03-09,3878.76,Electronics,"San Diego, CA"
862,2023-12-17,2269.18,Electronics,"San Diego, CA"
863,2023-11-17,2624.33,Grocery,"Phoenix, AZ"
864,2023-02-18,2206.61,Fast Food,"Charlotte, NC"
865,2023-06-24,2006.81,Restaurant,"Philadelphia, PA"
866,2023-02-21,2800.4,Furniture,"Houston, TX"
867,2023-04-12,780.43,Department Store,"Jacksonville, FL"
868,2023-08-04,913.73,Home Improvement,"Columbus, OH"
869,2023-07-07,4309.62,Bookstore,"Austin, TX"
870,2023-02-26,4730.85,Coffee Shop,"Fort Worth, TX"
871,2023-02-16,1869.68,Furniture,"Dallas, TX"
872,2023-06-08,1357.37,Bookstore,"San Diego, CA"
873,2023-06-23,3221.78,Fast Food,"San Jose, CA"
874,2023-08-30,2046.63,Bookstore,"Jacksonville, FL"
875,2023-10-09,131.8,Online Shopping,"San Jose, CA"
876,2023-08-29,784.98,Grocery,"New York, NY"
877,2023-01-05,3581.28,Furniture,"Charlotte, NC"
878,2023-03-25,3296.33,Fast Food,"Los Angeles, CA"
879,2023-11-04,140.34,Furniture,"Dallas, TX"
880,2023-12-27,1113.75,Online Shopping,"San Diego, CA"
881,2023-09-05,1159.22,Restaurant,"Columbus, OH"
882,2023-02-23,3361.1,Restaurant,"Chicago, IL"
883,2023-06-10,103.45,Restaurant,"San Diego, CA"
884,2023-08-14,525.02,Pharmacy,"Jacksonville, FL"
885,2023-01-15,4000.58,Bookstore,"New York, NY"
886,2023-08-12,896.83,Pharmacy,"San Jose, CA"
887,2023-03-02,3265.47,Grocery,"Houston, TX"
888,2023-05-02,1194.72,Coffee Shop,"Chicago, IL"
889,2023-10-04,501.71,Online Shopping,"Philadelphia, PA"
890,2023-02-15,1219.65,Fast Food,"San Antonio, TX"
891,2023-10-21,3612.72,Furniture,"Houston, TX"
892,2023-03-03,4279.2,Home Improvement,"San Antonio, TX"
893,2023-03-27,4151.95,Fast Food,"Dallas, TX"
894,2023-07-29,1988.93,Bookstore,"Austin, TX"
895,2023-03-19,3342.09,Pharmacy,"Los Angeles, CA"
896,2023-07-21,1028.9,Pharmacy,"Austin, TX"
897,2023-10-29,1469.27,Gas Station,"Chicago, IL"
898,2023-08-11,4482.2,Pharmacy,"Phoenix, AZ"
899,2023-08-10,69.94,Coffee Shop,"Chicago, IL"
900,2023-01-03,432.12,Department Store,"Austin, TX"
901,2023-01-06,1043.39,Furniture,"San Diego, CA"
902,2023-04-03,137.53,Department Store,"Jacksonville, FL"
903,2023-01-08,911.27,Furniture,"San Jose, CA"
904,2023-08-23,2917.29,Online Shopping,"San Diego, CA"
905,2023-04-18,2110.02,Furniture,"San Diego, CA"
906,2023-06-10,4463.9,Department Store,"Jacksonville, FL"
907,2023-07-28,4088.13,Fast Food,"Jacksonville, FL"
908,2023-08-28,1712.38,Furniture,"Dallas, TX"
909,2023-11-27,1300.82,Online Shopping,"Houston, TX"
910,2023-11-29,1901.56,Online Shopping,"Phoenix, AZ"
911,2023-02-19,2953.52,Grocery,"Phoenix, AZ"
912,2023-01-11,1343.98,Furniture,"San Diego, CA"
913,2023-12-17,3122.62,Home Improvement,"San Antonio, TX"
914,2023-06-05,2050.01,Gas Station,"Dallas, TX"
915,2023-03-11,2762.48,Restaurant,"Charlotte, NC"
916,2023-06-18,2183.45,Electronics,"Charlotte, NC"
917,2023-09-29,1475.86,Online Shopping,"Columbus, OH"
918,2023-03-09,4742.52,Clothing,"San Diego, CA"
919,2023-12-21,3819.21,Restaurant,"Los Angeles, CA"
920,2023-09-09,704.87,Coffee Shop,"San Jose, CA"
921,2023-02-17,4343.0,Bookstore,"Jacksonville, FL"
922,2023-07-03,2439.72,Furniture,"Houston, TX"
923,2023-11-16,4473.29,Department Store,"Philadelphia, PA"
924,2023-07-06,4000.28,Electronics,"Jacksonville, FL"
925,2023-03-31,2128.94,Clothing,"Los Angeles, CA"
926,2023-11-28,117.23,Restaurant,"San Antonio, TX"
927,2023-05-19,1347.04,Furniture,"Chicago, IL"
928,2023-12-23,2710.46,Grocery,"Fort Worth, TX"
929,2023-03-30,3169.22,Bookstore,"Chicago, IL"
930,2023-10-01,1293.15,Electronics,"Austin, TX"
931,2023-01-19,701.08,Gas Station,"Los Angeles, CA"
932,2023-11-07,4175.48,Grocery,"Austin, TX"
933,2023-12-24,4922.09,Clothing,"San Diego, CA"
934,2023-06-03,2630.82,Coffee Shop,"Philadelphia, PA"
935,2023-09-17,862.54,Electronics,"New York, NY"
936,2023-04-18,1365.18,Grocery,"Jacksonville, FL"
937,2023-10-12,96.86,Bookstore,"New York, NY"
938,2023-02-28,4571.92,Gas Station,"San Antonio, TX"
939,2023-05-05,593.17,Grocery,"San Diego, CA"
940,2023-12-20,2884.7,Pharmacy,"Phoenix, AZ"
941,2023-09-30,1373.91,Gas Station,"Jacksonville, FL"
942,2023-04-17,2773.12,Clothing,"Austin, TX"
943,2023-10-26,3258.84,Coffee Shop,"Phoenix, AZ"
944,2023-09-02,4149.56,Bookstore,"Houston, TX"
945,2023-12-02,1036.07,Home Improvement,"Columbus, OH"
946,2023-09-04,59.92,Furniture,"Philadelphia, PA"
947,2023-01-08,688.74,Department Store,"Columbus, OH"
948,2023-05-21,4500.59,Fast Food,"Philadelphia, PA"
949,2023-12-28,4370.08,Fast Food,"Chicago, IL"
950,2023-01-08,2989.08,Department Store,"Dallas, TX"
951,2023-12-18,3004.58,Department Store,"Jacksonville, FL"
952,2023-04-04,3326.86,Electronics,"Austin, TX"
953,2023-11-17,880.98,Clothing,"Columbus, OH"
954,2023-02-08,4572.49,Bookstore,"San Antonio, TX"
955,2023-03-22,2096.76,Gas Station,"New York, NY"
956,2023-07-06,1918.78,Electronics,"Charlotte, NC"
957,2023-03-25,2596.99,Clothing,"Fort Worth, TX"
958,2023-03-29,239.6,Furniture,"San Antonio, TX"
959,2023-08-30,835.59,Pharmacy,"Phoenix, AZ"
960,2023-12-08,3691.48,Fast Food,"Phoenix, AZ"
961,2023-04-03,418.58,Bookstore,"Columbus, OH"
962,2023-03-27,3017.74,Department Store,"Fort Worth, TX"
963,2023-02-13,1230.52,Grocery,"Los Angeles, CA"
964,2023-05-17,1949.53,Home Improvement,"Houston, TX"
965,2023-03-15,1447.03,Bookstore,"Jacksonville, FL"
966,2023-02-05,1781.59,Online Shopping,"Philadelphia, PA"
967,2023-04-11,3596.63,Coffee Shop,"San Jose, CA"
968,2023-06-05,1489.12,Clothing,"Charlotte, NC"
969,2023-09-12,2834.19,Restaurant,"Austin, TX"
970,2023-06-20,2382.87,Furniture,"San Antonio, TX"
971,2023-08-04,3320.04,Pharmacy,"Austin, TX"
972,2023-06-19,4684.46,Furniture,"Phoenix, AZ"
973,2023-09-09,3664.2,Bookstore,"Dallas, TX"
974,2023-12-26,1078.63,Fast Food,"Chicago, IL"
975,2023-11-18,160.76,Restaurant,"New York, NY"
976,2023-02-24,1315.01,Online Shopping,"Houston, TX"
977,2023-04-01,2977.41,Gas Station,"Dallas, TX"
978,2023-10-05,261.87,Grocery,"Houston, TX"
979,2023-04-11,2484.35,Restaurant,"Los Angeles, CA"
980,2023-06-04,2986.23,Clothing,"San Jose, CA"
981,2023-12-15,1674.55,Department Store,"Columbus, OH"
982,2023-12-30,3855.71,Online Shopping,"Columbus, OH"
983,2023-05-21,537.46,Grocery,"Phoenix, AZ"
984,2023-06-22,380.31,Home Improvement,"Chicago, IL"
985,2023-01-10,3642.3,Pharmacy,"Fort Worth, TX"
986,2023-08-16,2479.98,Department Store,"Jacksonville, FL"
987,2023-09-22,3443.57,Bookstore,"Fort Worth, TX"
988,2023-09-05,2176.96,Restaurant,"Dallas, TX"
989,2023-09-04,1235.78,Fast Food,"Houston, TX"
990,2023-06-04,4096.42,Grocery,"Philadelphia, PA"
991,2023-02-03,3998.08,Coffee Shop,"Los Angeles, CA"
992,2023-05-09,3475.01,Electronics,"Philadelphia, PA"
993,2023-06-09,1364.36,Coffee Shop,"Chicago, IL"
994,2023-03-30,2953.2,Gas Station,"Jacksonville, FL"
995,2023-04-03,1808.06,Coffee Shop,"Jacksonville, FL"
996,2023-11-23,462.45,Home Improvement,"Dallas, TX"
997,2023-08-29,4586.98,Gas Station,"Austin, TX"
998,2023-11-19,688.41,Online Shopping,"Los Angeles, CA"
999,2023-04-27,4751.44,Pharmacy,"Charlotte, NC"
1000,2023-04-04,2232.8,Online Shopping,"Jacksonville, FL"
