Transaction ID,Payment Amount,Store Type,Location
1,1875.83,Coffee Shop,"Los Angeles, CA"
2,4753.82,Online Shopping,"Chicago, IL"
3,3661.31,Clothing,"Philadelphia, PA"
4,2995.3,Online Shopping,"Jacksonville, FL"
5,784.31,Gas Station,"Fort Worth, TX"
6,784.19,Grocery,"San Jose, CA"
7,295.13,Bookstore,"Chicago, IL"
8,4331.55,Gas Station,"Philadelphia, PA"
9,3007.57,Pharmacy,"Philadelphia, PA"
10,3541.82,Pharmacy,"Los Angeles, CA"
11,107.82,Online Shopping,"San Antonio, TX"
12,4849.7,Department Store,"Jacksonville, FL"
13,4163.05,Electronics,"Los Angeles, CA"
14,1065.63,Department Store,"Philadelphia, PA"
15,913.22,Coffee Shop,"New York, NY"
16,921.11,Home Improvement,"Chicago, IL"
17,1524.69,Furniture,"Los Angeles, CA"
18,2626.16,Department Store,"San Antonio, TX"
19,2162.57,Fast Food,"Columbus, OH"
20,1459.69,Furniture,"Houston, TX"
21,3061.21,Furniture,"San Diego, CA"
22,701.77,Bookstore,"Philadelphia, PA"
23,1464.26,Grocery,"Jacksonville, FL"
24,1834.98,Bookstore,"San Jose, CA"
25,2283.07,Furniture,"Houston, TX"
26,3926.95,Gas Station,"Phoenix, AZ"
27,1002.37,Pharmacy,"Fort Worth, TX"
28,2573.6,Furniture,"Fort Worth, TX"
29,2964.11,Bookstore,"Charlotte, NC"
30,237.02,Gas Station,"Charlotte, NC"
31,3039.69,Bookstore,"Dallas, TX"
32,856.77,Department Store,"San Antonio, TX"
33,329.93,Clothing,"San Jose, CA"
34,4744.68,Online Shopping,"Columbus, OH"
35,4828.33,Electronics,"Columbus, OH"
36,4042.94,Home Improvement,"Dallas, TX"
37,1526.55,Bookstore,"San Antonio, TX"
38,492.87,Fast Food,"Jacksonville, FL"
39,3422.74,Electronics,"New York, NY"
40,2203.56,Restaurant,"Jacksonville, FL"
41,614.58,Bookstore,"San Diego, CA"
42,2478.41,Clothing,"Houston, TX"
43,176.77,Electronics,"Chicago, IL"
44,4547.06,Home Improvement,"Columbus, OH"
45,1297.61,Furniture,"Fort Worth, TX"
46,3314.3,Bookstore,"San Antonio, TX"
47,1562.0,Grocery,"Jacksonville, FL"
48,2602.74,Online Shopping,"Chicago, IL"
49,2735.82,Clothing,"San Diego, CA"
50,928.35,Coffee Shop,"Philadelphia, PA"
51,4848.08,Coffee Shop,"Phoenix, AZ"
52,3876.79,Fast Food,"Houston, TX"
53,4697.8,Electronics,"San Diego, CA"
54,4474.66,Clothing,"San Diego, CA"
55,2991.51,Gas Station,"Jacksonville, FL"
56,4609.76,Home Improvement,"New York, NY"
57,447.02,Online Shopping,"Dallas, TX"
58,983.93,Furniture,"Columbus, OH"
59,230.91,Bookstore,"Phoenix, AZ"
60,1630.03,Bookstore,"Houston, TX"
61,1946.44,Coffee Shop,"Philadelphia, PA"
62,1360.39,Bookstore,"Philadelphia, PA"
63,4144.54,Online Shopping,"Los Angeles, CA"
64,1786.98,Grocery,"San Diego, CA"
65,1408.27,Restaurant,"San Antonio, TX"
66,2715.77,Fast Food,"New York, NY"
67,708.92,Pharmacy,"Phoenix, AZ"
68,4011.97,Department Store,"Jacksonville, FL"
69,377.38,Fast Food,"Philadelphia, PA"
70,4934.5,Electronics,"Houston, TX"
71,3862.36,Grocery,"Los Angeles, CA"
72,997.58,Fast Food,"Fort Worth, TX"
73,32.58,Furniture,"Columbus, OH"
74,4078.23,Coffee Shop,"Houston, TX"
75,3535.75,Electronics,"New York, NY"
76,3646.39,Bookstore,"San Antonio, TX"
77,3857.5,Clothing,"Los Angeles, CA"
78,374.85,Furniture,"Fort Worth, TX"
79,1795.54,Electronics,"Los Angeles, CA"
80,583.77,Home Improvement,"Dallas, TX"
81,4316.2,Bookstore,"Phoenix, AZ"
82,3118.37,Fast Food,"Los Angeles, CA"
83,1657.84,Fast Food,"Austin, TX"
84,322.47,Electronics,"Dallas, TX"
85,1558.36,Clothing,"Dallas, TX"
86,1629.29,Home Improvement,"New York, NY"
87,3649.38,Bookstore,"Austin, TX"
88,3189.6,Restaurant,"Chicago, IL"
89,4436.63,Fast Food,"Houston, TX"
90,2363.71,Grocery,"Columbus, OH"
91,602.37,Fast Food,"San Antonio, TX"
92,3567.66,Gas Station,"San Jose, CA"
93,3805.12,Coffee Shop,"Houston, TX"
94,2808.58,Department Store,"Los Angeles, CA"
95,3855.98,Online Shopping,"San Antonio, TX"
96,2471.51,Coffee Shop,"Philadelphia, PA"
97,2616.05,Department Store,"Chicago, IL"
98,2140.57,Furniture,"Philadelphia, PA"
99,131.97,Department Store,"Austin, TX"
100,543.92,Bookstore,"Charlotte, NC"
101,161.99,Restaurant,"Philadelphia, PA"
102,3183.87,Gas Station,"Jacksonville, FL"
103,1575.21,Grocery,"Phoenix, AZ"
104,2545.31,Grocery,"Houston, TX"
105,4538.29,Clothing,"San Jose, CA"
106,1250.21,Fast Food,"Jacksonville, FL"
107,2054.86,Online Shopping,"Charlotte, NC"
108,3778.98,Electronics,"New York, NY"
109,1147.85,Restaurant,"San Jose, CA"
110,389.51,Electronics,"Philadelphia, PA"
111,1452.31,Gas Station,"Los Angeles, CA"
112,810.3,Department Store,"Fort Worth, TX"
113,4648.84,Grocery,"Chicago, IL"
114,4041.56,Gas Station,"Columbus, OH"
115,3168.85,Department Store,"San Diego, CA"
116,4357.95,Grocery,"San Jose, CA"
117,4019.34,Department Store,"Columbus, OH"
118,936.92,Online Shopping,"Columbus, OH"
119,4463.33,Restaurant,"Philadelphia, PA"
120,2699.01,Coffee Shop,"Chicago, IL"
121,4038.16,Home Improvement,"San Antonio, TX"
122,4480.98,Furniture,"Houston, TX"
123,1593.43,Gas Station,"Columbus, OH"
124,554.71,Fast Food,"Dallas, TX"
125,1143.54,Gas Station,"Charlotte, NC"
126,2138.4,Home Improvement,"Phoenix, AZ"
127,4090.98,Coffee Shop,"Chicago, IL"
128,4304.35,Pharmacy,"Los Angeles, CA"
129,39.73,Bookstore,"Austin, TX"
130,2556.18,Online Shopping,"Los Angeles, CA"
131,2089.97,Online Shopping,"Chicago, IL"
132,1114.43,Home Improvement,"Los Angeles, CA"
133,603.73,Fast Food,"Columbus, OH"
134,1691.39,Electronics,"Houston, TX"
135,4714.83,Department Store,"Los Angeles, CA"
136,1619.4,Bookstore,"San Jose, CA"
137,2596.36,Restaurant,"Dallas, TX"
138,3516.58,Restaurant,"Los Angeles, CA"
139,1821.33,Home Improvement,"Dallas, TX"
140,4859.05,Online Shopping,"Fort Worth, TX"
141,4812.42,Restaurant,"Philadelphia, PA"
142,1262.65,Fast Food,"New York, NY"
143,2488.76,Pharmacy,"Houston, TX"
144,1507.89,Gas Station,"Charlotte, NC"
145,1427.78,Clothing,"Columbus, OH"
146,189.25,Fast Food,"New York, NY"
147,3049.77,Furniture,"Columbus, OH"
148,2515.88,Home Improvement,"Philadelphia, PA"
149,262.14,Electronics,"Columbus, OH"
150,1396.84,Department Store,"Fort Worth, TX"
151,4541.79,Furniture,"Houston, TX"
152,1201.61,Department Store,"Chicago, IL"
153,728.75,Grocery,"Chicago, IL"
154,2449.82,Furniture,"Dallas, TX"
155,4928.32,Clothing,"Philadelphia, PA"
156,1214.07,Online Shopping,"Dallas, TX"
157,3362.32,Pharmacy,"Fort Worth, TX"
158,3809.29,Gas Station,"Phoenix, AZ"
159,1192.0,Gas Station,"Los Angeles, CA"
160,3642.44,Pharmacy,"San Diego, CA"
161,1842.08,Bookstore,"Phoenix, AZ"
162,3163.37,Grocery,"Los Angeles, CA"
163,3169.48,Department Store,"Houston, TX"
164,2681.19,Clothing,"Dallas, TX"
165,456.0,Restaurant,"Charlotte, NC"
166,4177.34,Furniture,"Houston, TX"
167,1607.3,Grocery,"Fort Worth, TX"
168,936.66,Fast Food,"Jacksonville, FL"
169,208.67,Home Improvement,"Jacksonville, FL"
170,2956.51,Furniture,"Jacksonville, FL"
171,3389.43,Clothing,"Fort Worth, TX"
172,87.86,Electronics,"Charlotte, NC"
173,2562.9,Electronics,"Columbus, OH"
174,1136.35,Grocery,"Houston, TX"
175,3227.64,Online Shopping,"Los Angeles, CA"
176,875.96,Clothing,"Fort Worth, TX"
177,3456.23,Clothing,"Jacksonville, FL"
178,1936.74,Pharmacy,"Charlotte, NC"
179,4683.97,Fast Food,"Philadelphia, PA"
180,691.92,Online Shopping,"Fort Worth, TX"
181,1708.63,Fast Food,"Austin, TX"
182,571.8,Department Store,"Columbus, OH"
183,4623.84,Department Store,"Los Angeles, CA"
184,4387.31,Restaurant,"Jacksonville, FL"
185,1293.42,Gas Station,"San Antonio, TX"
186,3301.62,Electronics,"Chicago, IL"
187,4087.02,Home Improvement,"Charlotte, NC"
188,2778.23,Department Store,"Chicago, IL"
189,2650.6,Online Shopping,"Phoenix, AZ"
190,1213.05,Clothing,"Chicago, IL"
191,470.05,Home Improvement,"Los Angeles, CA"
192,4486.59,Coffee Shop,"San Jose, CA"
193,4502.59,Fast Food,"Dallas, TX"
194,3167.34,Department Store,"Los Angeles, CA"
195,1698.45,Clothing,"Columbus, OH"
196,1749.3,Department Store,"Austin, TX"
197,3631.15,Electronics,"Los Angeles, CA"
198,4486.07,Coffee Shop,"Fort Worth, TX"
199,4436.0,Furniture,"Charlotte, NC"
200,3900.48,Department Store,"San Diego, CA"
201,3211.95,Online Shopping,"Charlotte, NC"
202,425.28,Department Store,"Dallas, TX"
203,812.34,Gas Station,"San Antonio, TX"
204,4493.28,Home Improvement,"Chicago, IL"
205,3034.11,Home Improvement,"Dallas, TX"
206,50.94,Electronics,"Chicago, IL"
207,511.85,Online Shopping,"Phoenix, AZ"
208,3319.19,Coffee Shop,"Dallas, TX"
209,30.28,Pharmacy,"Jacksonville, FL"
210,808.24,Online Shopping,"Columbus, OH"
211,2745.93,Home Improvement,"Columbus, OH"
212,3461.02,Gas Station,"Chicago, IL"
213,3261.55,Furniture,"San Antonio, TX"
214,1125.23,Electronics,"Jacksonville, FL"
215,3562.34,Pharmacy,"New York, NY"
216,1190.06,Gas Station,"Houston, TX"
217,1630.37,Coffee Shop,"Houston, TX"
218,3733.72,Fast Food,"San Antonio, TX"
219,3249.92,Coffee Shop,"San Diego, CA"
220,4246.87,Gas Station,"New York, NY"
221,3289.78,Fast Food,"Phoenix, AZ"
222,2843.7,Grocery,"San Antonio, TX"
223,472.91,Electronics,"Jacksonville, FL"
224,1841.74,Online Shopping,"Houston, TX"
225,1329.69,Fast Food,"Fort Worth, TX"
226,1223.73,Fast Food,"Houston, TX"
227,4865.19,Clothing,"Houston, TX"
228,1968.52,Furniture,"Jacksonville, FL"
229,4460.77,Clothing,"Philadelphia, PA"
230,3157.54,Online Shopping,"San Antonio, TX"
231,3975.08,Online Shopping,"Los Angeles, CA"
232,2515.67,Electronics,"Charlotte, NC"
233,2886.63,Online Shopping,"Phoenix, AZ"
234,2465.13,Home Improvement,"Houston, TX"
235,980.24,Fast Food,"Charlotte, NC"
236,3613.65,Fast Food,"Columbus, OH"
237,1407.46,Grocery,"Fort Worth, TX"
238,126.46,Pharmacy,"Chicago, IL"
239,3229.13,Online Shopping,"San Antonio, TX"
240,889.67,Clothing,"Austin, TX"
241,4702.59,Online Shopping,"Jacksonville, FL"
242,4769.87,Coffee Shop,"Philadelphia, PA"
243,4574.75,Grocery,"Columbus, OH"
244,1853.94,Home Improvement,"San Antonio, TX"
245,82.21,Home Improvement,"Phoenix, AZ"
246,4641.95,Department Store,"Fort Worth, TX"
247,2143.78,Fast Food,"Philadelphia, PA"
248,4833.44,Home Improvement,"Phoenix, AZ"
249,4818.28,Fast Food,"Columbus, OH"
250,4265.78,Department Store,"San Antonio, TX"
251,1475.77,Gas Station,"Los Angeles, CA"
252,1928.56,Furniture,"Columbus, OH"
253,4256.43,Restaurant,"Austin, TX"
254,1588.03,Home Improvement,"Phoenix, AZ"
255,851.62,Pharmacy,"Philadelphia, PA"
256,2786.22,Coffee Shop,"Philadelphia, PA"
257,4681.09,Bookstore,"Charlotte, NC"
258,3481.67,Gas Station,"Phoenix, AZ"
259,2852.46,Home Improvement,"San Jose, CA"
260,490.4,Fast Food,"San Antonio, TX"
261,3076.96,Furniture,"San Jose, CA"
262,4950.32,Department Store,"San Diego, CA"
263,704.72,Clothing,"San Antonio, TX"
264,2594.06,Bookstore,"Phoenix, AZ"
265,4387.48,Furniture,"New York, NY"
266,3705.14,Furniture,"Fort Worth, TX"
267,3486.59,Home Improvement,"Phoenix, AZ"
268,3513.91,Gas Station,"San Jose, CA"
269,1800.66,Bookstore,"Los Angeles, CA"
270,1471.49,Electronics,"Fort Worth, TX"
271,4047.76,Restaurant,"Phoenix, AZ"
272,4051.52,Electronics,"Phoenix, AZ"
273,4336.03,Fast Food,"Los Angeles, CA"
274,4566.64,Fast Food,"Phoenix, AZ"
275,2559.16,Coffee Shop,"Fort Worth, TX"
276,2510.07,Bookstore,"Houston, TX"
277,3992.48,Electronics,"New York, NY"
278,3251.57,Fast Food,"Chicago, IL"
279,3511.32,Home Improvement,"New York, NY"
280,3979.98,Grocery,"Jacksonville, FL"
281,4450.58,Department Store,"Austin, TX"
282,1693.29,Grocery,"Charlotte, NC"
283,1881.04,Online Shopping,"Phoenix, AZ"
284,474.44,Electronics,"Houston, TX"
285,2893.51,Coffee Shop,"San Antonio, TX"
286,184.53,Online Shopping,"Phoenix, AZ"
287,2330.66,Fast Food,"San Jose, CA"
288,2715.51,Clothing,"Columbus, OH"
289,1436.27,Pharmacy,"Houston, TX"
290,2956.21,Clothing,"Los Angeles, CA"
291,157.35,Bookstore,"Houston, TX"
292,191.55,Furniture,"Jacksonville, FL"
293,4113.89,Department Store,"Los Angeles, CA"
294,1804.15,Electronics,"San Diego, CA"
295,639.67,Coffee Shop,"Chicago, IL"
296,2613.61,Coffee Shop,"Dallas, TX"
297,3851.12,Gas Station,"Fort Worth, TX"
298,1083.03,Fast Food,"Houston, TX"
299,3116.34,Pharmacy,"Fort Worth, TX"
300,431.31,Restaurant,"Philadelphia, PA"
301,263.15,Restaurant,"San Jose, CA"
302,2659.12,Restaurant,"Phoenix, AZ"
303,2705.47,Electronics,"San Jose, CA"
304,3188.96,Restaurant,"Fort Worth, TX"
305,3631.83,Home Improvement,"New York, NY"
306,4879.38,Grocery,"Dallas, TX"
307,2583.92,Coffee Shop,"New York, NY"
308,1618.17,Pharmacy,"San Diego, CA"
309,3976.96,Grocery,"Dallas, TX"
310,1357.81,Furniture,"Dallas, TX"
311,2197.66,Pharmacy,"New York, NY"
312,396.89,Grocery,"Los Angeles, CA"
313,131.63,Pharmacy,"Jacksonville, FL"
314,4813.43,Furniture,"Fort Worth, TX"
315,4180.72,Online Shopping,"New York, NY"
316,3481.39,Home Improvement,"San Jose, CA"
317,2047.72,Electronics,"Los Angeles, CA"
318,870.61,Electronics,"San Jose, CA"
319,786.4,Fast Food,"Jacksonville, FL"
320,1254.96,Coffee Shop,"San Diego, CA"
321,2748.39,Restaurant,"Phoenix, AZ"
322,3574.41,Home Improvement,"Jacksonville, FL"
323,3302.69,Clothing,"Austin, TX"
324,1403.27,Restaurant,"San Antonio, TX"
325,4774.55,Fast Food,"Los Angeles, CA"
326,3690.8,Coffee Shop,"San Diego, CA"
327,2774.0,Bookstore,"Austin, TX"
328,3060.55,Fast Food,"Philadelphia, PA"
329,2100.9,Home Improvement,"San Diego, CA"
330,1242.42,Grocery,"New York, NY"
331,1783.08,Pharmacy,"Charlotte, NC"
332,3790.44,Clothing,"New York, NY"
333,76.9,Home Improvement,"Jacksonville, FL"
334,584.78,Furniture,"San Antonio, TX"
335,234.78,Bookstore,"San Diego, CA"
336,208.44,Furniture,"Fort Worth, TX"
337,4278.03,Electronics,"Chicago, IL"
338,3519.77,Electronics,"Phoenix, AZ"
339,2373.5,Fast Food,"Jacksonville, FL"
340,493.68,Restaurant,"New York, NY"
341,2460.62,Grocery,"San Antonio, TX"
342,2369.99,Clothing,"Phoenix, AZ"
343,870.14,Fast Food,"San Diego, CA"
344,2172.09,Department Store,"Fort Worth, TX"
345,1995.53,Bookstore,"San Diego, CA"
346,3081.17,Bookstore,"Dallas, TX"
347,3177.29,Fast Food,"San Antonio, TX"
348,231.29,Fast Food,"Austin, TX"
349,1876.19,Home Improvement,"New York, NY"
350,3131.17,Restaurant,"Fort Worth, TX"
351,2518.17,Electronics,"Chicago, IL"
352,4283.17,Restaurant,"San Diego, CA"
353,3295.17,Pharmacy,"Chicago, IL"
354,818.86,Home Improvement,"San Diego, CA"
355,357.49,Home Improvement,"New York, NY"
356,3213.88,Clothing,"Phoenix, AZ"
357,137.42,Grocery,"Houston, TX"
358,2930.95,Coffee Shop,"Phoenix, AZ"
359,4701.45,Online Shopping,"San Diego, CA"
360,2879.49,Coffee Shop,"San Jose, CA"
361,1943.91,Fast Food,"Charlotte, NC"
362,3218.22,Gas Station,"Columbus, OH"
363,2293.97,Gas Station,"Houston, TX"
364,2730.36,Home Improvement,"Austin, TX"
365,4707.62,Restaurant,"Houston, TX"
366,1933.58,Pharmacy,"Charlotte, NC"
367,4806.15,Clothing,"Chicago, IL"
368,4527.23,Department Store,"San Antonio, TX"
369,982.98,Gas Station,"Chicago, IL"
370,351.46,Clothing,"Jacksonville, FL"
371,508.39,Home Improvement,"Chicago, IL"
372,96.02,Grocery,"Austin, TX"
373,476.74,Furniture,"San Jose, CA"
374,3416.62,Coffee Shop,"Phoenix, AZ"
375,360.59,Pharmacy,"Phoenix, AZ"
376,1598.28,Electronics,"Columbus, OH"
377,4225.15,Fast Food,"Philadelphia, PA"
378,121.24,Clothing,"San Diego, CA"
379,4073.27,Grocery,"San Jose, CA"
380,1412.86,Department Store,"Philadelphia, PA"
381,595.23,Online Shopping,"Charlotte, NC"
382,3485.2,Coffee Shop,"Jacksonville, FL"
383,3146.57,Electronics,"New York, NY"
384,4387.97,Coffee Shop,"Charlotte, NC"
385,3676.68,Home Improvement,"San Diego, CA"
386,4018.39,Online Shopping,"San Diego, CA"
387,1413.76,Coffee Shop,"Dallas, TX"
388,891.31,Department Store,"Dallas, TX"
389,3754.32,Grocery,"Los Angeles, CA"
390,4035.14,Fast Food,"Charlotte, NC"
391,4952.57,Gas Station,"Los Angeles, CA"
392,2066.03,Online Shopping,"Chicago, IL"
393,1863.23,Home Improvement,"New York, NY"
394,3883.18,Electronics,"Houston, TX"
395,1707.31,Restaurant,"Columbus, OH"
396,4654.13,Bookstore,"Houston, TX"
397,4292.77,Clothing,"Columbus, OH"
398,2147.83,Fast Food,"Dallas, TX"
399,3755.6,Coffee Shop,"Dallas, TX"
400,3773.94,Gas Station,"Dallas, TX"
401,520.1,Online Shopping,"San Jose, CA"
402,4513.25,Coffee Shop,"San Antonio, TX"
403,2528.74,Furniture,"Columbus, OH"
404,4133.16,Clothing,"Charlotte, NC"
405,1603.65,Restaurant,"Los Angeles, CA"
406,4478.14,Department Store,"San Jose, CA"
407,1949.06,Bookstore,"Phoenix, AZ"
408,59.13,Grocery,"Houston, TX"
409,4527.38,Coffee Shop,"Jacksonville, FL"
410,460.98,Restaurant,"Austin, TX"
411,1599.97,Restaurant,"San Diego, CA"
412,4750.56,Department Store,"Los Angeles, CA"
413,4753.28,Pharmacy,"Philadelphia, PA"
414,2869.32,Department Store,"Fort Worth, TX"
415,3161.03,Coffee Shop,"Phoenix, AZ"
416,2244.99,Pharmacy,"Charlotte, NC"
417,1469.59,Pharmacy,"Jacksonville, FL"
418,1646.68,Gas Station,"Los Angeles, CA"
419,3364.23,Gas Station,"Austin, TX"
420,3763.11,Electronics,"San Jose, CA"
421,3958.94,Online Shopping,"Charlotte, NC"
422,3949.14,Online Shopping,"New York, NY"
423,460.57,Home Improvement,"San Diego, CA"
424,2474.63,Fast Food,"Los Angeles, CA"
425,292.51,Grocery,"San Antonio, TX"
426,2749.9,Online Shopping,"Dallas, TX"
427,2210.44,Gas Station,"Dallas, TX"
428,4439.08,Electronics,"San Diego, CA"
429,1757.82,Electronics,"Austin, TX"
430,589.75,Pharmacy,"Columbus, OH"
431,719.24,Home Improvement,"Jacksonville, FL"
432,3808.75,Fast Food,"San Jose, CA"
433,3093.0,Department Store,"Dallas, TX"
434,510.11,Grocery,"Los Angeles, CA"
435,425.11,Coffee Shop,"Philadelphia, PA"
436,3506.34,Pharmacy,"Houston, TX"
437,368.45,Department Store,"Columbus, OH"
438,4110.19,Online Shopping,"Houston, TX"
439,3532.68,Home Improvement,"Phoenix, AZ"
440,411.34,Pharmacy,"Jacksonville, FL"
441,428.76,Clothing,"Chicago, IL"
442,4933.26,Online Shopping,"Columbus, OH"
443,1874.48,Department Store,"New York, NY"
444,1856.36,Grocery,"San Diego, CA"
445,4064.93,Coffee Shop,"Phoenix, AZ"
446,4736.51,Department Store,"Chicago, IL"
447,4930.08,Pharmacy,"San Jose, CA"
448,3768.12,Pharmacy,"Columbus, OH"
449,1884.42,Coffee Shop,"San Antonio, TX"
450,422.09,Restaurant,"San Antonio, TX"
451,3886.85,Grocery,"New York, NY"
452,2794.23,Furniture,"Jacksonville, FL"
453,2123.99,Online Shopping,"Dallas, TX"
454,4532.24,Electronics,"Charlotte, NC"
455,560.43,Coffee Shop,"Los Angeles, CA"
456,2465.66,Grocery,"Phoenix, AZ"
457,61.71,Electronics,"Fort Worth, TX"
458,2345.96,Grocery,"Columbus, OH"
459,286.23,Grocery,"Phoenix, AZ"
460,598.5,Department Store,"Columbus, OH"
461,592.04,Fast Food,"San Diego, CA"
462,3247.81,Grocery,"Columbus, OH"
463,3731.49,Fast Food,"San Diego, CA"
464,2918.93,Restaurant,"Columbus, OH"
465,4811.05,Furniture,"San Antonio, TX"
466,1877.48,Pharmacy,"San Antonio, TX"
467,1432.13,Bookstore,"Jacksonville, FL"
468,4343.65,Electronics,"Austin, TX"
469,1121.86,Pharmacy,"Philadelphia, PA"
470,4816.3,Bookstore,"Philadelphia, PA"
471,65.71,Furniture,"Austin, TX"
472,4849.54,Furniture,"Dallas, TX"
473,220.58,Electronics,"Philadelphia, PA"
474,4456.26,Electronics,"Jacksonville, FL"
475,2640.87,Furniture,"Fort Worth, TX"
476,4964.86,Bookstore,"Fort Worth, TX"
477,373.61,Coffee Shop,"Los Angeles, CA"
478,2771.5,Grocery,"Los Angeles, CA"
479,4846.67,Online Shopping,"Fort Worth, TX"
480,2617.87,Home Improvement,"Phoenix, AZ"
481,3148.85,Fast Food,"Charlotte, NC"
482,3480.26,Clothing,"Houston, TX"
483,2275.43,Home Improvement,"Austin, TX"
484,3139.65,Pharmacy,"Los Angeles, CA"
485,2923.65,Department Store,"Charlotte, NC"
486,4506.28,Pharmacy,"Charlotte, NC"
487,232.0,Department Store,"Chicago, IL"
488,1408.41,Bookstore,"San Antonio, TX"
489,4752.31,Department Store,"San Diego, CA"
490,4451.87,Electronics,"Jacksonville, FL"
491,2281.01,Coffee Shop,"Fort Worth, TX"
492,3102.56,Online Shopping,"Philadelphia, PA"
493,1390.52,Online Shopping,"Austin, TX"
494,944.67,Electronics,"Phoenix, AZ"
495,2321.17,Coffee Shop,"Fort Worth, TX"
496,1769.99,Restaurant,"New York, NY"
497,2920.36,Home Improvement,"San Diego, CA"
498,393.28,Bookstore,"Chicago, IL"
499,4872.1,Home Improvement,"Charlotte, NC"
500,4931.12,Restaurant,"Philadelphia, PA"
501,3492.32,Restaurant,"Chicago, IL"
502,2682.8,Pharmacy,"San Antonio, TX"
503,1551.09,Furniture,"Fort Worth, TX"
504,4069.91,Pharmacy,"Columbus, OH"
505,3425.23,Furniture,"San Antonio, TX"
506,817.27,Clothing,"Jacksonville, FL"
507,4555.08,Department Store,"Charlotte, NC"
508,4113.57,Coffee Shop,"Dallas, TX"
509,4749.25,Furniture,"Phoenix, AZ"
510,3629.97,Home Improvement,"Charlotte, NC"
511,3069.01,Electronics,"San Diego, CA"
512,2094.12,Pharmacy,"San Jose, CA"
513,4663.98,Coffee Shop,"San Jose, CA"
514,4330.99,Bookstore,"San Diego, CA"
515,230.87,Coffee Shop,"New York, NY"
516,136.7,Fast Food,"Jacksonville, FL"
517,1885.43,Department Store,"Phoenix, AZ"
518,4053.71,Fast Food,"Chicago, IL"
519,4936.44,Clothing,"New York, NY"
520,756.33,Furniture,"Houston, TX"
521,2972.68,Clothing,"San Diego, CA"
522,1907.55,Bookstore,"Chicago, IL"
523,4849.72,Restaurant,"San Jose, CA"
524,4211.38,Fast Food,"Los Angeles, CA"
525,4192.45,Online Shopping,"Austin, TX"
526,2346.12,Fast Food,"Dallas, TX"
527,2077.02,Bookstore,"San Jose, CA"
528,1370.67,Gas Station,"Phoenix, AZ"
529,286.6,Bookstore,"Columbus, OH"
530,4324.29,Clothing,"San Antonio, TX"
531,4065.44,Coffee Shop,"Austin, TX"
532,4998.59,Electronics,"Austin, TX"
533,4983.2,Pharmacy,"Los Angeles, CA"
534,2779.38,Electronics,"Dallas, TX"
535,3846.09,Clothing,"Fort Worth, TX"
536,4724.1,Pharmacy,"Dallas, TX"
537,4248.99,Gas Station,"Houston, TX"
538,1240.5,Online Shopping,"Houston, TX"
539,2255.47,Department Store,"Philadelphia, PA"
540,650.15,Home Improvement,"San Jose, CA"
541,4770.48,Clothing,"San Jose, CA"
542,3032.84,Coffee Shop,"San Jose, CA"
543,1147.07,Furniture,"Philadelphia, PA"
544,3360.14,Clothing,"Jacksonville, FL"
545,3092.55,Clothing,"New York, NY"
546,1794.02,Fast Food,"Columbus, OH"
547,572.22,Fast Food,"Columbus, OH"
548,3359.51,Pharmacy,"Dallas, TX"
549,2603.94,Grocery,"Los Angeles, CA"
550,3862.73,Bookstore,"Phoenix, AZ"
551,2603.22,Coffee Shop,"Dallas, TX"
552,4261.65,Grocery,"Houston, TX"
553,2761.77,Gas Station,"Austin, TX"
554,2806.89,Furniture,"Chicago, IL"
555,4383.88,Fast Food,"Charlotte, NC"
556,2020.4,Online Shopping,"San Antonio, TX"
557,674.41,Restaurant,"Philadelphia, PA"
558,148.77,Gas Station,"San Diego, CA"
559,3776.91,Restaurant,"Chicago, IL"
560,3103.45,Coffee Shop,"Phoenix, AZ"
561,3521.88,Coffee Shop,"San Jose, CA"
562,1068.76,Restaurant,"Houston, TX"
563,686.18,Coffee Shop,"Charlotte, NC"
564,77.65,Online Shopping,"Fort Worth, TX"
565,1756.18,Electronics,"Houston, TX"
566,2951.64,Grocery,"Houston, TX"
567,1964.26,Clothing,"San Jose, CA"
568,2190.19,Department Store,"San Diego, CA"
569,4521.27,Restaurant,"Philadelphia, PA"
570,1744.54,Furniture,"Chicago, IL"
571,2572.38,Gas Station,"San Jose, CA"
572,3919.35,Electronics,"Phoenix, AZ"
573,1985.73,Restaurant,"Philadelphia, PA"
574,3112.32,Electronics,"Phoenix, AZ"
575,4312.51,Electronics,"Philadelphia, PA"
576,4747.86,Restaurant,"San Diego, CA"
577,739.63,Pharmacy,"San Antonio, TX"
578,4633.31,Bookstore,"Phoenix, AZ"
579,2463.12,Furniture,"San Jose, CA"
580,1294.93,Clothing,"Philadelphia, PA"
581,2298.38,Clothing,"Columbus, OH"
582,4900.26,Furniture,"Houston, TX"
583,2465.63,Pharmacy,"Jacksonville, FL"
584,1647.11,Fast Food,"Dallas, TX"
585,3168.84,Coffee Shop,"Fort Worth, TX"
586,1204.53,Clothing,"Houston, TX"
587,383.94,Fast Food,"New York, NY"
588,648.75,Electronics,"San Antonio, TX"
589,644.59,Online Shopping,"San Antonio, TX"
590,763.75,Gas Station,"Houston, TX"
591,698.44,Grocery,"Fort Worth, TX"
592,3206.17,Clothing,"Columbus, OH"
593,913.49,Furniture,"Chicago, IL"
594,1731.61,Online Shopping,"San Diego, CA"
595,4484.46,Restaurant,"Phoenix, AZ"
596,2372.44,Bookstore,"San Jose, CA"
597,3339.45,Furniture,"San Antonio, TX"
598,865.74,Coffee Shop,"Houston, TX"
599,965.48,Electronics,"Houston, TX"
600,209.14,Bookstore,"San Diego, CA"
601,848.83,Gas Station,"Columbus, OH"
602,1396.56,Gas Station,"San Diego, CA"
603,889.17,Pharmacy,"Los Angeles, CA"
604,448.07,Fast Food,"Columbus, OH"
605,607.58,Department Store,"Los Angeles, CA"
606,2306.59,Pharmacy,"Chicago, IL"
607,1035.64,Coffee Shop,"Charlotte, NC"
608,1824.53,Fast Food,"Jacksonville, FL"
609,2519.57,Online Shopping,"Jacksonville, FL"
610,3453.52,Bookstore,"Chicago, IL"
611,201.36,Department Store,"New York, NY"
612,3998.05,Restaurant,"Charlotte, NC"
613,3141.36,Electronics,"Columbus, OH"
614,413.39,Bookstore,"Chicago, IL"
615,4368.53,Pharmacy,"Philadelphia, PA"
616,4604.76,Grocery,"San Diego, CA"
617,310.08,Home Improvement,"Fort Worth, TX"
618,1388.0,Department Store,"Jacksonville, FL"
619,4031.98,Department Store,"Columbus, OH"
620,3742.56,Coffee Shop,"San Jose, CA"
621,926.68,Electronics,"Philadelphia, PA"
622,1050.7,Clothing,"Phoenix, AZ"
623,1855.51,Gas Station,"Charlotte, NC"
624,2425.19,Gas Station,"Houston, TX"
625,3093.18,Grocery,"Chicago, IL"
626,1847.72,Online Shopping,"Fort Worth, TX"
627,2315.36,Coffee Shop,"Houston, TX"
628,3738.62,Online Shopping,"Columbus, OH"
629,188.23,Restaurant,"San Antonio, TX"
630,1265.92,Fast Food,"New York, NY"
631,3568.18,Bookstore,"San Antonio, TX"
632,4476.56,Home Improvement,"New York, NY"
633,2560.83,Furniture,"Los Angeles, CA"
634,2662.91,Clothing,"Charlotte, NC"
635,540.32,Pharmacy,"Houston, TX"
636,2239.82,Furniture,"New York, NY"
637,2665.42,Fast Food,"Austin, TX"
638,1216.14,Furniture,"Jacksonville, FL"
639,1349.87,Coffee Shop,"Austin, TX"
640,1889.53,Department Store,"Charlotte, NC"
641,105.26,Grocery,"Austin, TX"
642,1613.79,Gas Station,"Dallas, TX"
643,1061.18,Restaurant,"Jacksonville, FL"
644,1640.85,Online Shopping,"Philadelphia, PA"
645,603.21,Home Improvement,"Fort Worth, TX"
646,4453.18,Coffee Shop,"New York, NY"
647,2969.99,Grocery,"New York, NY"
648,3397.12,Department Store,"Philadelphia, PA"
649,3946.91,Pharmacy,"Houston, TX"
650,2494.72,Restaurant,"Houston, TX"
651,439.17,Coffee Shop,"Charlotte, NC"
652,2687.85,Department Store,"Austin, TX"
653,2936.27,Home Improvement,"Charlotte, NC"
654,3728.47,Gas Station,"Philadelphia, PA"
655,2161.14,Gas Station,"Charlotte, NC"
656,642.26,Coffee Shop,"Columbus, OH"
657,1422.46,Gas Station,"Jacksonville, FL"
658,1818.6,Grocery,"Austin, TX"
659,3231.36,Grocery,"San Antonio, TX"
660,2856.04,Online Shopping,"Dallas, TX"
661,1783.7,Coffee Shop,"San Jose, CA"
662,4932.64,Online Shopping,"Phoenix, AZ"
663,3030.85,Coffee Shop,"Dallas, TX"
664,1189.95,Pharmacy,"Houston, TX"
665,513.4,Coffee Shop,"Fort Worth, TX"
666,768.53,Home Improvement,"San Jose, CA"
667,1233.56,Fast Food,"Los Angeles, CA"
668,807.6,Restaurant,"Chicago, IL"
669,936.9,Electronics,"Fort Worth, TX"
670,1429.05,Electronics,"Austin, TX"
671,871.0,Department Store,"New York, NY"
672,4484.34,Gas Station,"Columbus, OH"
673,405.77,Restaurant,"Columbus, OH"
674,2624.93,Furniture,"Philadelphia, PA"
675,2054.93,Fast Food,"Fort Worth, TX"
676,4911.98,Grocery,"Philadelphia, PA"
677,564.63,Bookstore,"New York, NY"
678,1992.29,Clothing,"Austin, TX"
679,4847.5,Pharmacy,"Fort Worth, TX"
680,4328.21,Gas Station,"Chicago, IL"
681,4086.27,Gas Station,"Phoenix, AZ"
682,1293.22,Home Improvement,"Chicago, IL"
683,858.58,Gas Station,"San Jose, CA"
684,3344.87,Grocery,"Chicago, IL"
685,4647.23,Grocery,"Columbus, OH"
686,2786.03,Clothing,"San Jose, CA"
687,2860.21,Coffee Shop,"Chicago, IL"
688,1403.5,Furniture,"Phoenix, AZ"
689,3848.62,Restaurant,"Fort Worth, TX"
690,939.28,Gas Station,"Phoenix, AZ"
691,1621.78,Electronics,"Houston, TX"
692,2130.06,Online Shopping,"New York, NY"
693,2540.51,Home Improvement,"Phoenix, AZ"
694,1215.84,Home Improvement,"San Jose, CA"
695,578.61,Electronics,"Phoenix, AZ"
696,3055.05,Department Store,"Houston, TX"
697,1446.71,Electronics,"Philadelphia, PA"
698,2908.28,Fast Food,"San Jose, CA"
699,776.04,Department Store,"Houston, TX"
700,2408.29,Bookstore,"Columbus, OH"
701,2665.28,Online Shopping,"San Antonio, TX"
702,263.86,Home Improvement,"San Antonio, TX"
703,1686.34,Electronics,"Los Angeles, CA"
704,676.4,Bookstore,"Chicago, IL"
705,321.56,Coffee Shop,"New York, NY"
706,4949.85,Pharmacy,"San Diego, CA"
707,1615.16,Restaurant,"Dallas, TX"
708,4050.32,Bookstore,"Houston, TX"
709,1276.93,Fast Food,"Philadelphia, PA"
710,3409.11,Restaurant,"Dallas, TX"
711,3802.34,Electronics,"Philadelphia, PA"
712,2980.22,Furniture,"Columbus, OH"
713,2360.52,Coffee Shop,"Jacksonville, FL"
714,2062.15,Bookstore,"Jacksonville, FL"
715,1747.6,Online Shopping,"Jacksonville, FL"
716,4648.0,Electronics,"Dallas, TX"
717,4153.94,Gas Station,"Charlotte, NC"
718,4825.31,Grocery,"Houston, TX"
719,625.86,Bookstore,"San Diego, CA"
720,3655.68,Online Shopping,"Dallas, TX"
721,4692.01,Fast Food,"Houston, TX"
722,910.26,Pharmacy,"Phoenix, AZ"
723,337.15,Gas Station,"Columbus, OH"
724,3706.9,Pharmacy,"San Diego, CA"
725,2874.49,Electronics,"Jacksonville, FL"
726,4209.93,Grocery,"San Jose, CA"
727,703.16,Bookstore,"Columbus, OH"
728,3977.36,Bookstore,"Philadelphia, PA"
729,1012.13,Furniture,"Jacksonville, FL"
730,822.46,Home Improvement,"San Antonio, TX"
731,825.51,Furniture,"Chicago, IL"
732,4073.8,Electronics,"San Antonio, TX"
733,3327.66,Electronics,"Jacksonville, FL"
734,2617.71,Grocery,"Columbus, OH"
735,1797.36,Furniture,"San Diego, CA"
736,4386.62,Online Shopping,"San Jose, CA"
737,1965.26,Online Shopping,"Philadelphia, PA"
738,4083.91,Grocery,"Charlotte, NC"
739,2198.48,Coffee Shop,"San Jose, CA"
740,1887.84,Home Improvement,"Dallas, TX"
741,2316.09,Online Shopping,"Fort Worth, TX"
742,1510.38,Department Store,"Philadelphia, PA"
743,3739.31,Restaurant,"Jacksonville, FL"
744,2516.09,Grocery,"Dallas, TX"
745,1164.9,Grocery,"Fort Worth, TX"
746,4498.37,Clothing,"Houston, TX"
747,1922.54,Gas Station,"San Diego, CA"
748,2720.05,Gas Station,"Austin, TX"
749,4532.83,Department Store,"Houston, TX"
750,3123.07,Furniture,"Los Angeles, CA"
751,588.91,Coffee Shop,"San Jose, CA"
752,4699.46,Electronics,"Austin, TX"
753,3140.4,Electronics,"Dallas, TX"
754,1677.85,Pharmacy,"Phoenix, AZ"
755,700.66,Department Store,"Houston, TX"
756,3971.16,Grocery,"Los Angeles, CA"
757,3102.26,Department Store,"New York, NY"
758,2669.64,Department Store,"Austin, TX"
759,4469.99,Fast Food,"San Antonio, TX"
760,3944.04,Department Store,"Philadelphia, PA"
761,762.62,Gas Station,"Charlotte, NC"
762,1562.05,Fast Food,"Charlotte, NC"
763,1246.2,Department Store,"Los Angeles, CA"
764,3721.01,Home Improvement,"San Diego, CA"
765,172.49,Restaurant,"Austin, TX"
766,2851.6,Electronics,"Houston, TX"
767,3813.48,Fast Food,"San Diego, CA"
768,4384.44,Pharmacy,"Charlotte, NC"
769,1713.7,Restaurant,"San Antonio, TX"
770,4107.18,Pharmacy,"Phoenix, AZ"
771,557.61,Clothing,"San Jose, CA"
772,4233.03,Pharmacy,"San Jose, CA"
773,641.81,Electronics,"Jacksonville, FL"
774,1989.45,Electronics,"San Diego, CA"
775,3987.49,Fast Food,"Columbus, OH"
776,753.84,Department Store,"Dallas, TX"
777,1150.11,Bookstore,"Phoenix, AZ"
778,3612.65,Clothing,"San Jose, CA"
779,3601.58,Fast Food,"Phoenix, AZ"
780,3207.53,Home Improvement,"Los Angeles, CA"
781,3471.27,Grocery,"Phoenix, AZ"
782,2715.91,Online Shopping,"Chicago, IL"
783,1262.74,Pharmacy,"San Antonio, TX"
784,1731.75,Bookstore,"San Jose, CA"
785,912.08,Department Store,"Phoenix, AZ"
786,4542.71,Gas Station,"San Diego, CA"
787,2919.04,Grocery,"New York, NY"
788,2007.25,Coffee Shop,"Chicago, IL"
789,2312.72,Furniture,"Chicago, IL"
790,4736.68,Bookstore,"Dallas, TX"
791,770.99,Gas Station,"Phoenix, AZ"
792,2933.22,Clothing,"Jacksonville, FL"
793,2531.91,Coffee Shop,"Dallas, TX"
794,3059.21,Fast Food,"Fort Worth, TX"
795,95.46,Department Store,"Dallas, TX"
796,4361.26,Grocery,"New York, NY"
797,4660.93,Grocery,"Los Angeles, CA"
798,2827.84,Grocery,"Phoenix, AZ"
799,3484.77,Clothing,"Houston, TX"
800,4612.88,Coffee Shop,"Charlotte, NC"
801,3537.66,Pharmacy,"San Jose, CA"
802,766.93,Furniture,"Dallas, TX"
803,2883.56,Home Improvement,"San Antonio, TX"
804,3035.54,Clothing,"Philadelphia, PA"
805,2123.53,Online Shopping,"San Antonio, TX"
806,3683.54,Furniture,"New York, NY"
807,4672.16,Electronics,"New York, NY"
808,4628.21,Department Store,"San Diego, CA"
809,2256.94,Clothing,"Fort Worth, TX"
810,570.62,Gas Station,"Fort Worth, TX"
811,4924.28,Furniture,"Los Angeles, CA"
812,4195.3,Online Shopping,"Jacksonville, FL"
813,627.69,Electronics,"San Jose, CA"
814,4604.61,Pharmacy,"Austin, TX"
815,4350.13,Coffee Shop,"Dallas, TX"
816,2596.6,Gas Station,"San Antonio, TX"
817,2958.42,Fast Food,"Philadelphia, PA"
818,1998.02,Furniture,"New York, NY"
819,278.53,Department Store,"New York, NY"
820,1679.31,Coffee Shop,"Los Angeles, CA"
821,4015.25,Gas Station,"Philadelphia, PA"
822,28.14,Electronics,"Columbus, OH"
823,1670.83,Gas Station,"Philadelphia, PA"
824,1993.85,Coffee Shop,"Los Angeles, CA"
825,2689.29,Restaurant,"New York, NY"
826,4599.68,Home Improvement,"San Jose, CA"
827,1735.0,Bookstore,"Phoenix, AZ"
828,1738.03,Pharmacy,"Phoenix, AZ"
829,3688.82,Electronics,"Los Angeles, CA"
830,2263.83,Coffee Shop,"Philadelphia, PA"
831,1126.9,Home Improvement,"Dallas, TX"
832,2264.94,Home Improvement,"Los Angeles, CA"
833,708.58,Fast Food,"San Jose, CA"
834,886.05,Gas Station,"Los Angeles, CA"
835,2494.35,Bookstore,"Chicago, IL"
836,2097.53,Home Improvement,"Fort Worth, TX"
837,4574.66,Bookstore,"San Antonio, TX"
838,1815.16,Gas Station,"Philadelphia, PA"
839,2905.04,Coffee Shop,"Jacksonville, FL"
840,3163.16,Department Store,"San Diego, CA"
841,70.41,Restaurant,"Charlotte, NC"
842,3319.37,Home Improvement,"San Diego, CA"
843,894.29,Clothing,"Philadelphia, PA"
844,4805.55,Restaurant,"Jacksonville, FL"
845,747.57,Gas Station,"Austin, TX"
846,2076.05,Fast Food,"San Jose, CA"
847,431.32,Pharmacy,"Chicago, IL"
848,4984.39,Clothing,"Chicago, IL"
849,2513.46,Electronics,"Charlotte, NC"
850,2978.95,Fast Food,"New York, NY"
851,340.05,Restaurant,"San Antonio, TX"
852,3751.05,Gas Station,"Phoenix, AZ"
853,1053.48,Restaurant,"Houston, TX"
854,4490.78,Home Improvement,"San Jose, CA"
855,1029.67,Fast Food,"Charlotte, NC"
856,957.49,Coffee Shop,"Houston, TX"
857,187.57,Clothing,"Columbus, OH"
858,2362.97,Online Shopping,"Houston, TX"
859,2826.38,Furniture,"Philadelphia, PA"
860,333.21,Restaurant,"Charlotte, NC"
861,3878.76,Electronics,"San Diego, CA"
862,2269.18,Electronics,"San Diego, CA"
863,2624.33,Grocery,"Phoenix, AZ"
864,2206.61,Fast Food,"Charlotte, NC"
865,2006.81,Restaurant,"Philadelphia, PA"
866,2800.4,Furniture,"Houston, TX"
867,780.43,Department Store,"Jacksonville, FL"
868,913.73,Home Improvement,"Columbus, OH"
869,4309.62,Bookstore,"Austin, TX"
870,4730.85,Coffee Shop,"Fort Worth, TX"
871,1869.68,Furniture,"Dallas, TX"
872,1357.37,Bookstore,"San Diego, CA"
873,3221.78,Fast Food,"San Jose, CA"
874,2046.63,Bookstore,"Jacksonville, FL"
875,131.8,Online Shopping,"San Jose, CA"
876,784.98,Grocery,"New York, NY"
877,3581.28,Furniture,"Charlotte, NC"
878,3296.33,Fast Food,"Los Angeles, CA"
879,140.34,Furniture,"Dallas, TX"
880,1113.75,Online Shopping,"San Diego, CA"
881,1159.22,Restaurant,"Columbus, OH"
882,3361.1,Restaurant,"Chicago, IL"
883,103.45,Restaurant,"San Diego, CA"
884,525.02,Pharmacy,"Jacksonville, FL"
885,4000.58,Bookstore,"New York, NY"
886,896.83,Pharmacy,"San Jose, CA"
887,3265.47,Grocery,"Houston, TX"
888,1194.72,Coffee Shop,"Chicago, IL"
889,501.71,Online Shopping,"Philadelphia, PA"
890,1219.65,Fast Food,"San Antonio, TX"
891,3612.72,Furniture,"Houston, TX"
892,4279.2,Home Improvement,"San Antonio, TX"
893,4151.95,Fast Food,"Dallas, TX"
894,1988.93,Bookstore,"Austin, TX"
895,3342.09,Pharmacy,"Los Angeles, CA"
896,1028.9,Pharmacy,"Austin, TX"
897,1469.27,Gas Station,"Chicago, IL"
898,4482.2,Pharmacy,"Phoenix, AZ"
899,69.94,Coffee Shop,"Chicago, IL"
900,432.12,Department Store,"Austin, TX"
901,1043.39,Furniture,"San Diego, CA"
902,137.53,Department Store,"Jacksonville, FL"
903,911.27,Furniture,"San Jose, CA"
904,2917.29,Online Shopping,"San Diego, CA"
905,2110.02,Furniture,"San Diego, CA"
906,4463.9,Department Store,"Jacksonville, FL"
907,4088.13,Fast Food,"Jacksonville, FL"
908,1712.38,Furniture,"Dallas, TX"
909,1300.82,Online Shopping,"Houston, TX"
910,1901.56,Online Shopping,"Phoenix, AZ"
911,2953.52,Grocery,"Phoenix, AZ"
912,1343.98,Furniture,"San Diego, CA"
913,3122.62,Home Improvement,"San Antonio, TX"
914,2050.01,Gas Station,"Dallas, TX"
915,2762.48,Restaurant,"Charlotte, NC"
916,2183.45,Electronics,"Charlotte, NC"
917,1475.86,Online Shopping,"Columbus, OH"
918,4742.52,Clothing,"San Diego, CA"
919,3819.21,Restaurant,"Los Angeles, CA"
920,704.87,Coffee Shop,"San Jose, CA"
921,4343.0,Bookstore,"Jacksonville, FL"
922,2439.72,Furniture,"Houston, TX"
923,4473.29,Department Store,"Philadelphia, PA"
924,4000.28,Electronics,"Jacksonville, FL"
925,2128.94,Clothing,"Los Angeles, CA"
926,117.23,Restaurant,"San Antonio, TX"
927,1347.04,Furniture,"Chicago, IL"
928,2710.46,Grocery,"Fort Worth, TX"
929,3169.22,Bookstore,"Chicago, IL"
930,1293.15,Electronics,"Austin, TX"
931,701.08,Gas Station,"Los Angeles, CA"
932,4175.48,Grocery,"Austin, TX"
933,4922.09,Clothing,"San Diego, CA"
934,2630.82,Coffee Shop,"Philadelphia, PA"
935,862.54,Electronics,"New York, NY"
936,1365.18,Grocery,"Jacksonville, FL"
937,96.86,Bookstore,"New York, NY"
938,4571.92,Gas Station,"San Antonio, TX"
939,593.17,Grocery,"San Diego, CA"
940,2884.7,Pharmacy,"Phoenix, AZ"
941,1373.91,Gas Station,"Jacksonville, FL"
942,2773.12,Clothing,"Austin, TX"
943,3258.84,Coffee Shop,"Phoenix, AZ"
944,4149.56,Bookstore,"Houston, TX"
945,1036.07,Home Improvement,"Columbus, OH"
946,59.92,Furniture,"Philadelphia, PA"
947,688.74,Department Store,"Columbus, OH"
948,4500.59,Fast Food,"Philadelphia, PA"
949,4370.08,Fast Food,"Chicago, IL"
950,2989.08,Department Store,"Dallas, TX"
951,3004.58,Department Store,"Jacksonville, FL"
952,3326.86,Electronics,"Austin, TX"
953,880.98,Clothing,"Columbus, OH"
954,4572.49,Bookstore,"San Antonio, TX"
955,2096.76,Gas Station,"New York, NY"
956,1918.78,Electronics,"Charlotte, NC"
957,2596.99,Clothing,"Fort Worth, TX"
958,239.6,Furniture,"San Antonio, TX"
959,835.59,Pharmacy,"Phoenix, AZ"
960,3691.48,Fast Food,"Phoenix, AZ"
961,418.58,Bookstore,"Columbus, OH"
962,3017.74,Department Store,"Fort Worth, TX"
963,1230.52,Grocery,"Los Angeles, CA"
964,1949.53,Home Improvement,"Houston, TX"
965,1447.03,Bookstore,"Jacksonville, FL"
966,1781.59,Online Shopping,"Philadelphia, PA"
967,3596.63,Coffee Shop,"San Jose, CA"
968,1489.12,Clothing,"Charlotte, NC"
969,2834.19,Restaurant,"Austin, TX"
970,2382.87,Furniture,"San Antonio, TX"
971,3320.04,Pharmacy,"Austin, TX"
972,4684.46,Furniture,"Phoenix, AZ"
973,3664.2,Bookstore,"Dallas, TX"
974,1078.63,Fast Food,"Chicago, IL"
975,160.76,Restaurant,"New York, NY"
976,1315.01,Online Shopping,"Houston, TX"
977,2977.41,Gas Station,"Dallas, TX"
978,261.87,Grocery,"Houston, TX"
979,2484.35,Restaurant,"Los Angeles, CA"
980,2986.23,Clothing,"San Jose, CA"
981,1674.55,Department Store,"Columbus, OH"
982,3855.71,Online Shopping,"Columbus, OH"
983,537.46,Grocery,"Phoenix, AZ"
984,380.31,Home Improvement,"Chicago, IL"
985,3642.3,Pharmacy,"Fort Worth, TX"
986,2479.98,Department Store,"Jacksonville, FL"
987,3443.57,Bookstore,"Fort Worth, TX"
988,2176.96,Restaurant,"Dallas, TX"
989,1235.78,Fast Food,"Houston, TX"
990,4096.42,Grocery,"Philadelphia, PA"
991,3998.08,Coffee Shop,"Los Angeles, CA"
992,3475.01,Electronics,"Philadelphia, PA"
993,1364.36,Coffee Shop,"Chicago, IL"
994,2953.2,Gas Station,"Jacksonville, FL"
995,1808.06,Coffee Shop,"Jacksonville, FL"
996,462.45,Home Improvement,"Dallas, TX"
997,4586.98,Gas Station,"Austin, TX"
998,688.41,Online Shopping,"Los Angeles, CA"
999,4751.44,Pharmacy,"Charlotte, NC"
1000,2232.8,Online Shopping,"Jacksonville, FL"
